    "--------- beginning of /dev/log/main"  1
D "06-02 02:05:20.680" 14234 AndroidRuntime  14234 2
D "06-02 02:05:20.680" 14234 AndroidRuntime ">>>>>> AndroidRuntime START com.android.internal.os.RuntimeInit <<<<<<" 14234 3
D "06-02 02:05:20.680" 14234 AndroidRuntime "CheckJNI is OFF" 14234 4
D "06-02 02:05:20.690" 14234 dalvikvm "Trying to load lib libjavacore.so 0x0" 14234 5
D "06-02 02:05:20.690" 14234 dalvikvm "Added shared lib libjavacore.so 0x0" 14234 6
D "06-02 02:05:20.700" 14234 dalvikvm "Trying to load lib libnativehelper.so 0x0" 14234 7
D "06-02 02:05:20.700" 14234 dalvikvm "Added shared lib libnativehelper.so 0x0" 14234 8
D "06-02 02:05:20.860" 14234 AndroidRuntime "Calling main entry com.android.commands.input.Input" 14234 9
I "06-02 02:05:20.860" 14234 "Input   " "InjectKeyEvent: KeyEvent { action=ACTION_DOWN, keyCode=KEYCODE_BACK, scanCode=0, metaState=0, flags=0x0, repeatCount=0, eventTime=1608617116, downTime=1608617116, deviceId=-1, source=0x101 }" 14234 10
I "06-02 02:05:20.860" 14234 "Input   " "InjectKeyEvent: KeyEvent { action=ACTION_UP, keyCode=KEYCODE_BACK, scanCode=0, metaState=0, flags=0x0, repeatCount=0, eventTime=1608617116, downTime=1608617116, deviceId=-1, source=0x101 }" 14234 11
D "06-02 02:05:20.870" 14234 AndroidRuntime "Shutting down VM" 14234 12
I "06-02 02:05:20.870" 14234 AndroidRuntime "NOTE: attach of thread 'Binder_3' failed" 14246 13
D "06-02 02:05:20.870" 14234 dalvikvm "GC_CONCURRENT freed 100K, 83% free 449K/2560K, paused 1ms+0ms, total 4ms" 14240 14
D "06-02 02:05:21.360" 14249 AndroidRuntime  14249 15
D "06-02 02:05:21.360" 14249 AndroidRuntime ">>>>>> AndroidRuntime START com.android.internal.os.RuntimeInit <<<<<<" 14249 16
D "06-02 02:05:21.360" 14249 AndroidRuntime "CheckJNI is OFF" 14249 17
D "06-02 02:05:21.370" 14249 dalvikvm "Trying to load lib libjavacore.so 0x0" 14249 18
D "06-02 02:05:21.380" 14249 dalvikvm "Added shared lib libjavacore.so 0x0" 14249 19
D "06-02 02:05:21.390" 14249 dalvikvm "Trying to load lib libnativehelper.so 0x0" 14249 20
D "06-02 02:05:21.390" 14249 dalvikvm "Added shared lib libnativehelper.so 0x0" 14249 21
D "06-02 02:05:21.580" 14249 AndroidRuntime "Calling main entry com.android.commands.input.Input" 14249 22
I "06-02 02:05:21.590" 14249 "Input   " "InjectKeyEvent: KeyEvent { action=ACTION_DOWN, keyCode=KEYCODE_BACK, scanCode=0, metaState=0, flags=0x0, repeatCount=0, eventTime=1608617841, downTime=1608617841, deviceId=-1, source=0x101 }" 14249 23
I "06-02 02:05:21.590" 14249 "Input   " "InjectKeyEvent: KeyEvent { action=ACTION_UP, keyCode=KEYCODE_BACK, scanCode=0, metaState=0, flags=0x0, repeatCount=0, eventTime=1608617841, downTime=1608617841, deviceId=-1, source=0x101 }" 14249 24
D "06-02 02:05:21.590" 14249 AndroidRuntime "Shutting down VM" 14249 25
D "06-02 02:05:21.600" 14249 dalvikvm "GC_CONCURRENT freed 100K, 83% free 449K/2560K, paused 0ms+1ms, total 5ms" 14262 26
D "06-02 02:05:22.050" 14271 AndroidRuntime  14271 27
D "06-02 02:05:22.050" 14271 AndroidRuntime ">>>>>> AndroidRuntime START com.android.internal.os.RuntimeInit <<<<<<" 14271 28
D "06-02 02:05:22.050" 14271 AndroidRuntime "CheckJNI is OFF" 14271 29
D "06-02 02:05:22.060" 14271 dalvikvm "Trying to load lib libjavacore.so 0x0" 14271 30
D "06-02 02:05:22.060" 14271 dalvikvm "Added shared lib libjavacore.so 0x0" 14271 31
D "06-02 02:05:22.070" 14271 dalvikvm "Trying to load lib libnativehelper.so 0x0" 14271 32
D "06-02 02:05:22.070" 14271 dalvikvm "Added shared lib libnativehelper.so 0x0" 14271 33
D "06-02 02:05:22.250" 14271 AndroidRuntime "Calling main entry com.android.commands.input.Input" 14271 34
I "06-02 02:05:22.250" 14271 "Input   " "InjectKeyEvent: KeyEvent { action=ACTION_DOWN, keyCode=KEYCODE_BACK, scanCode=0, metaState=0, flags=0x0, repeatCount=0, eventTime=1608618503, downTime=1608618503, deviceId=-1, source=0x101 }" 14271 35
I "06-02 02:05:22.260" 14271 "Input   " "InjectKeyEvent: KeyEvent { action=ACTION_UP, keyCode=KEYCODE_BACK, scanCode=0, metaState=0, flags=0x0, repeatCount=0, eventTime=1608618503, downTime=1608618503, deviceId=-1, source=0x101 }" 14271 36
D "06-02 02:05:22.260" 14271 AndroidRuntime "Shutting down VM" 14271 37
D "06-02 02:05:22.270" 14271 dalvikvm "GC_CONCURRENT freed 100K, 83% free 449K/2560K, paused 1ms+1ms, total 8ms" 14275 38
D "06-02 02:05:22.720" 14292 AndroidRuntime  14292 39
D "06-02 02:05:22.720" 14292 AndroidRuntime ">>>>>> AndroidRuntime START com.android.internal.os.RuntimeInit <<<<<<" 14292 40
D "06-02 02:05:22.720" 14292 AndroidRuntime "CheckJNI is OFF" 14292 41
D "06-02 02:05:22.730" 14292 dalvikvm "Trying to load lib libjavacore.so 0x0" 14292 42
D "06-02 02:05:22.740" 14292 dalvikvm "Added shared lib libjavacore.so 0x0" 14292 43
D "06-02 02:05:22.740" 14292 dalvikvm "Trying to load lib libnativehelper.so 0x0" 14292 44
D "06-02 02:05:22.740" 14292 dalvikvm "Added shared lib libnativehelper.so 0x0" 14292 45
D "06-02 02:05:22.940" 14292 AndroidRuntime "Calling main entry com.android.commands.input.Input" 14292 46
I "06-02 02:05:22.940" 14292 "Input   " "InjectKeyEvent: KeyEvent { action=ACTION_DOWN, keyCode=KEYCODE_BACK, scanCode=0, metaState=0, flags=0x0, repeatCount=0, eventTime=1608619193, downTime=1608619193, deviceId=-1, source=0x101 }" 14292 47
I "06-02 02:05:22.940" 14292 "Input   " "InjectKeyEvent: KeyEvent { action=ACTION_UP, keyCode=KEYCODE_BACK, scanCode=0, metaState=0, flags=0x0, repeatCount=0, eventTime=1608619193, downTime=1608619193, deviceId=-1, source=0x101 }" 14292 48
D "06-02 02:05:22.950" 14292 AndroidRuntime "Shutting down VM" 14292 49
D "06-02 02:05:22.950" 14292 dalvikvm "GC_CONCURRENT freed 100K, 83% free 449K/2560K, paused 1ms+0ms, total 5ms" 14298 50
D "06-02 02:05:23.370" 14309 AndroidRuntime  14309 51
D "06-02 02:05:23.370" 14309 AndroidRuntime ">>>>>> AndroidRuntime START com.android.internal.os.RuntimeInit <<<<<<" 14309 52
D "06-02 02:05:23.370" 14309 AndroidRuntime "CheckJNI is OFF" 14309 53
D "06-02 02:05:23.380" 14309 dalvikvm "Trying to load lib libjavacore.so 0x0" 14309 54
D "06-02 02:05:23.390" 14309 dalvikvm "Added shared lib libjavacore.so 0x0" 14309 55
D "06-02 02:05:23.400" 14309 dalvikvm "Trying to load lib libnativehelper.so 0x0" 14309 56
D "06-02 02:05:23.400" 14309 dalvikvm "Added shared lib libnativehelper.so 0x0" 14309 57
D "06-02 02:05:23.610" 14309 AndroidRuntime "Calling main entry com.android.commands.input.Input" 14309 58
I "06-02 02:05:23.620" 14309 "Input   " "InjectKeyEvent: KeyEvent { action=ACTION_DOWN, keyCode=KEYCODE_BACK, scanCode=0, metaState=0, flags=0x0, repeatCount=0, eventTime=1608619870, downTime=1608619870, deviceId=-1, source=0x101 }" 14309 59
I "06-02 02:05:23.620" 14309 "Input   " "InjectKeyEvent: KeyEvent { action=ACTION_UP, keyCode=KEYCODE_BACK, scanCode=0, metaState=0, flags=0x0, repeatCount=0, eventTime=1608619870, downTime=1608619870, deviceId=-1, source=0x101 }" 14309 60
D "06-02 02:05:23.630" 14309 AndroidRuntime "Shutting down VM" 14309 61
I "06-02 02:05:23.630" 14309 AndroidRuntime "NOTE: attach of thread 'Binder_3' failed" 14338 62
D "06-02 02:05:23.630" 14309 dalvikvm "GC_CONCURRENT freed 100K, 83% free 449K/2560K, paused 1ms+1ms, total 6ms" 14316 63
D "06-02 02:05:24.150" 14344 AndroidRuntime  14344 64
D "06-02 02:05:24.150" 14344 AndroidRuntime ">>>>>> AndroidRuntime START com.android.internal.os.RuntimeInit <<<<<<" 14344 65
D "06-02 02:05:24.150" 14344 AndroidRuntime "CheckJNI is OFF" 14344 66
D "06-02 02:05:24.160" 14344 dalvikvm "Trying to load lib libjavacore.so 0x0" 14344 67
D "06-02 02:05:24.170" 14344 dalvikvm "Added shared lib libjavacore.so 0x0" 14344 68
D "06-02 02:05:24.170" 14344 dalvikvm "Trying to load lib libnativehelper.so 0x0" 14344 69
D "06-02 02:05:24.170" 14344 dalvikvm "Added shared lib libnativehelper.so 0x0" 14344 70
D "06-02 02:05:24.340" 14344 AndroidRuntime "Calling main entry com.android.commands.am.Am" 14344 71
I "06-02 02:05:24.350" 13347 APPTHWACK "Power up" 14355 72
D "06-02 02:05:24.350" 14344 AndroidRuntime "Shutting down VM" 14344 73
I "06-02 02:05:24.360" 13347 APPTHWACK "Unlock keyguard" 14355 74
I "06-02 02:05:24.360" 14344 AndroidRuntime "NOTE: attach of thread 'Binder_3' failed" 14356 75
I "06-02 02:05:24.360" 13347 APPTHWACK "Go to home" 14355 76
D "06-02 02:05:24.360" 14344 dalvikvm "GC_CONCURRENT freed 98K, 81% free 487K/2560K, paused 1ms+1ms, total 7ms" 14349 77
I "06-02 02:05:24.360" 13347 APPTHWACK "WiFi on" 14355 78
I "06-02 02:05:24.360" 13347 APPTHWACK "Disable airplane mode" 14355 79
    "--------- beginning of /dev/log/system"  80
I "06-02 02:05:24.360" 13438 ActivityManager "START {act=android.intent.action.MAIN cat=[android.intent.category.HOME] flg=0x10000000 cmp=com.android.launcher/com.android.launcher2.Launcher u=0} from pid 13347" 29201 81
D "06-02 02:05:24.380" 13438 BluetoothAdapterStateMachine "BluetoothOn process message: 56" 13528 82
W "06-02 02:05:24.380" 13438 BluetoothAdapterStateMachine "BluetoothOn received: 56" 13528 83
I "06-02 02:05:24.380" 13347 APPTHWACK "Connecting to WiFi" 14355 84
D "06-02 02:05:24.780" 14359 AndroidRuntime  14359 85
D "06-02 02:05:24.780" 14359 AndroidRuntime ">>>>>> AndroidRuntime START com.android.internal.os.RuntimeInit <<<<<<" 14359 86
D "06-02 02:05:24.780" 14359 AndroidRuntime "CheckJNI is OFF" 14359 87
D "06-02 02:05:24.800" 14359 dalvikvm "Trying to load lib libjavacore.so 0x0" 14359 88
D "06-02 02:05:24.800" 14359 dalvikvm "Added shared lib libjavacore.so 0x0" 14359 89
D "06-02 02:05:24.810" 14359 dalvikvm "Trying to load lib libnativehelper.so 0x0" 14359 90
D "06-02 02:05:24.810" 14359 dalvikvm "Added shared lib libnativehelper.so 0x0" 14359 91
D "06-02 02:05:25.000" 14359 AndroidRuntime "Calling main entry com.android.commands.am.Am" 14359 92
I "06-02 02:05:25.010" 13438 ActivityManager "START {flg=0x10000000 cmp=com.trellis.appthwackdevicemanager/.RotateLandscape u=0} from pid 14359" 29200 93
D "06-02 02:05:25.040" 14359 AndroidRuntime "Shutting down VM" 14359 94
I "06-02 02:05:25.040" 14359 AndroidRuntime "NOTE: attach of thread 'Binder_3' failed" 14370 95
D "06-02 02:05:25.040" 14359 dalvikvm "GC_CONCURRENT freed 98K, 82% free 484K/2560K, paused 1ms+0ms, total 6ms" 14364 96
W "06-02 02:05:25.070" 13438 InputMethodManagerService "Window already focused, ignoring focus gain of: com.android.internal.view.IInputMethodClient$Stub$Proxy@41bd9850 attribute=null" 13674 97
D "06-02 02:05:28.450" 14376 AndroidRuntime  14376 98
D "06-02 02:05:28.450" 14376 AndroidRuntime ">>>>>> AndroidRuntime START com.android.internal.os.RuntimeInit <<<<<<" 14376 99
D "06-02 02:05:28.450" 14376 AndroidRuntime "CheckJNI is OFF" 14376 100
D "06-02 02:05:28.460" 14376 dalvikvm "Trying to load lib libjavacore.so 0x0" 14376 101
D "06-02 02:05:28.470" 14376 dalvikvm "Added shared lib libjavacore.so 0x0" 14376 102
D "06-02 02:05:28.470" 14376 dalvikvm "Trying to load lib libnativehelper.so 0x0" 14376 103
D "06-02 02:05:28.470" 14376 dalvikvm "Added shared lib libnativehelper.so 0x0" 14376 104
D "06-02 02:05:28.630" 14376 AndroidRuntime "Calling main entry com.android.commands.am.Am" 14376 105
D "06-02 02:05:28.640" 14376 AndroidRuntime "Shutting down VM" 14376 106
I "06-02 02:05:28.640" 13347 APPTHWACK "ORIENTATION: 0" 14394 107
I "06-02 02:05:28.640" 14376 AndroidRuntime "NOTE: attach of thread 'Binder_3' failed" 14395 108
D "06-02 02:05:28.650" 14376 dalvikvm "GC_CONCURRENT freed 98K, 82% free 484K/2560K, paused 1ms+0ms, total 5ms" 14386 109
D "06-02 02:05:30.150" 14401 AndroidRuntime  14401 110
D "06-02 02:05:30.150" 14401 AndroidRuntime ">>>>>> AndroidRuntime START com.android.internal.os.RuntimeInit <<<<<<" 14401 111
D "06-02 02:05:30.150" 14401 AndroidRuntime "CheckJNI is OFF" 14401 112
D "06-02 02:05:30.160" 14401 dalvikvm "Trying to load lib libjavacore.so 0x0" 14401 113
D "06-02 02:05:30.160" 14401 dalvikvm "Added shared lib libjavacore.so 0x0" 14401 114
D "06-02 02:05:30.170" 14401 dalvikvm "Trying to load lib libnativehelper.so 0x0" 14401 115
D "06-02 02:05:30.170" 14401 dalvikvm "Added shared lib libnativehelper.so 0x0" 14401 116
D "06-02 02:05:30.340" 14401 AndroidRuntime "Calling main entry com.android.commands.pm.Pm" 14401 117
D "06-02 02:05:30.400" 14401 AndroidRuntime "Shutting down VM" 14401 118
D "06-02 02:05:30.410" 14401 dalvikvm "GC_CONCURRENT freed 228K, 82% free 462K/2560K, paused 1ms+0ms, total 5ms" 14405 119
D "06-02 02:05:32.060" 14422 AndroidRuntime  14422 120
D "06-02 02:05:32.060" 14422 AndroidRuntime ">>>>>> AndroidRuntime START com.android.internal.os.RuntimeInit <<<<<<" 14422 121
D "06-02 02:05:32.060" 14422 AndroidRuntime "CheckJNI is OFF" 14422 122
D "06-02 02:05:32.080" 14422 dalvikvm "Trying to load lib libjavacore.so 0x0" 14422 123
D "06-02 02:05:32.080" 14422 dalvikvm "Added shared lib libjavacore.so 0x0" 14422 124
D "06-02 02:05:32.090" 14422 dalvikvm "Trying to load lib libnativehelper.so 0x0" 14422 125
D "06-02 02:05:32.090" 14422 dalvikvm "Added shared lib libnativehelper.so 0x0" 14422 126
D "06-02 02:05:32.270" 14422 AndroidRuntime "Calling main entry com.android.commands.monkey.Monkey" 14422 127
I "06-02 02:05:32.470" 13438 ActivityManager "START {act=android.intent.action.MAIN cat=[android.intent.category.LAUNCHER] flg=0x10200000 cmp=com.trellis.HelloTrellis/.HelloTrellisActivity u=0} from pid 14422" 13705 128
I "06-02 02:05:32.520" 13438 ActivityManager "Start proc com.trellis.process for activity com.trellis.HelloTrellis/.HelloTrellisActivity: pid=14441 uid=10064 gids={1015, 1028}" 17750 129
I "06-02 02:05:32.540" 14441 dalvikvm "Turning on JNI app bug workarounds for target SDK version 10..." 14441 130
W "06-02 02:05:32.580" 13438 InputMethodManagerService "Starting input on non-focused client com.android.internal.view.IInputMethodClient$Stub$Proxy@41a15c58 (uid=10029 pid=13663)" 13448 131
D "06-02 02:05:32.630" 13663 dalvikvm "GC_CONCURRENT freed 604K, 20% free 8220K/10247K, paused 12ms+6ms, total 49ms" 13669 132
V "06-02 02:05:32.640" 13566 TabletStatusBar setLightsOn(true) 13566 133
I "06-02 02:05:32.810" 13438 ActivityManager "Displayed com.trellis.HelloTrellis/.HelloTrellisActivity: +312ms (total +7s759ms)" 13509 134
W "06-02 02:05:32.810" 13438 InputManager "Input event injection from pid 14422 failed." 13660 135
W "06-02 02:05:32.810" 13438 InputMethodManagerService "Window already focused, ignoring focus gain of: com.android.internal.view.IInputMethodClient$Stub$Proxy@41b98f60 attribute=null" 29200 136
W "06-02 02:05:32.820" 13438 InputManager "Input event injection from pid 14422 failed." 17750 137
W "06-02 02:05:32.820" 13438 InputManager "Input event injection from pid 14422 failed." 29198 138
W "06-02 02:05:32.820" 13438 InputManager "Input event injection from pid 14422 failed." 14093 139
W "06-02 02:05:33.000" 13438 InputMethodManagerService "Window already focused, ignoring focus gain of: com.android.internal.view.IInputMethodClient$Stub$Proxy@41c3df50 attribute=null" 29202 140
I "06-02 02:05:33.700" 13438 ActivityManager "START {act=android.intent.action.MAIN cat=[android.intent.category.LAUNCHER] flg=0x10200000 cmp=com.trellis.HelloTrellis/.HelloTrellisActivity u=0} from pid 14422" 29202 141
I "06-02 02:05:33.720" 13438 ActivityManager "START {act=android.intent.action.MAIN cat=[android.intent.category.LAUNCHER] flg=0x10200000 cmp=com.trellis.HelloTrellis/.HelloTrellisActivity u=0} from pid 14422" 29199 142
W "06-02 02:05:33.930" 13438 InputMethodManagerService "Window already focused, ignoring focus gain of: com.android.internal.view.IInputMethodClient$Stub$Proxy@41cc9280 attribute=null" 13674 143
W "06-02 02:05:34.110" 13438 InputMethodManagerService "Window already focused, ignoring focus gain of: com.android.internal.view.IInputMethodClient$Stub$Proxy@41cf7218 attribute=null" 17750 144
W "06-02 02:05:34.200" 13438 InputMethodManagerService "Window already focused, ignoring focus gain of: com.android.internal.view.IInputMethodClient$Stub$Proxy@41dec870 attribute=null" 13448 145
W "06-02 02:05:34.460" 13438 InputMethodManagerService "Window already focused, ignoring focus gain of: com.android.internal.view.IInputMethodClient$Stub$Proxy@41d0e210 attribute=null" 17750 146
W "06-02 02:05:34.540" 13438 InputMethodManagerService "Window already focused, ignoring focus gain of: com.android.internal.view.IInputMethodClient$Stub$Proxy@41aeac38 attribute=null" 13438 147
I "06-02 02:05:34.570" 13438 ActivityManager "START {act=android.intent.action.MAIN cat=[android.intent.category.LAUNCHER] flg=0x10200000 cmp=com.trellis.HelloTrellis/.HelloTrellisActivity u=0} from pid 14422" 29202 148
W "06-02 02:05:34.640" 13438 InputMethodManagerService "Window already focused, ignoring focus gain of: com.android.internal.view.IInputMethodClient$Stub$Proxy@41d42290 attribute=null" 14093 149
W "06-02 02:05:34.800" 13438 InputMethodManagerService "Window already focused, ignoring focus gain of: com.android.internal.view.IInputMethodClient$Stub$Proxy@41e3c7d0 attribute=null" 13449 150
W "06-02 02:05:34.880" 13438 InputManager "Input event injection from pid 14422 failed." 13438 151
W "06-02 02:05:34.880" 13438 InputManager "Input event injection from pid 14422 failed." 29202 152
W "06-02 02:05:34.880" 13438 InputManager "Input event injection from pid 14422 failed." 17750 153
W "06-02 02:05:34.890" 13438 InputMethodManagerService "Window already focused, ignoring focus gain of: com.android.internal.view.IInputMethodClient$Stub$Proxy@41937d70 attribute=null" 29202 154
I "06-02 02:05:34.990" 14422 AndroidRuntime "VM exiting with result code 0." 14422 155
