    "--------- beginning of /dev/log/main"  1
D "06-01 19:11:48.647" 30132 AndroidRuntime  30132 2
D "06-01 19:11:48.647" 30132 AndroidRuntime ">>>>>> AndroidRuntime START com.android.internal.os.RuntimeInit <<<<<<" 30132 3
D "06-01 19:11:48.647" 30132 AndroidRuntime "CheckJNI is OFF" 30132 4
D "06-01 19:11:48.657" 30132 dalvikvm "Trying to load lib libjavacore.so 0x0" 30132 5
D "06-01 19:11:48.657" 30132 dalvikvm "Added shared lib libjavacore.so 0x0" 30132 6
D "06-01 19:11:48.667" 30132 dalvikvm "Trying to load lib libnativehelper.so 0x0" 30132 7
D "06-01 19:11:48.667" 30132 dalvikvm "Added shared lib libnativehelper.so 0x0" 30132 8
D "06-01 19:11:48.837" 30132 AndroidRuntime "Calling main entry com.android.commands.input.Input" 30132 9
I "06-01 19:11:48.837" 30132 "Input   " "injectKeyEvent: KeyEvent { action=ACTION_DOWN, keyCode=KEYCODE_BACK, scanCode=0, metaState=0, flags=0x0, repeatCount=0, eventTime=4418925448, downTime=4418925448, deviceId=-1, source=0x101 }" 30132 10
I "06-01 19:11:48.847" 30132 "Input   " "injectKeyEvent: KeyEvent { action=ACTION_UP, keyCode=KEYCODE_BACK, scanCode=0, metaState=0, flags=0x0, repeatCount=0, eventTime=4418925448, downTime=4418925448, deviceId=-1, source=0x101 }" 30132 11
D "06-01 19:11:48.847" 30132 AndroidRuntime "Shutting down VM" 30132 12
D "06-01 19:11:48.857" 30132 dalvikvm "GC_CONCURRENT freed 93K, 18% free 454K/552K, paused 1ms+0ms, total 4ms" 30136 13
D "06-01 19:11:49.267" 30148 AndroidRuntime  30148 14
D "06-01 19:11:49.267" 30148 AndroidRuntime ">>>>>> AndroidRuntime START com.android.internal.os.RuntimeInit <<<<<<" 30148 15
D "06-01 19:11:49.267" 30148 AndroidRuntime "CheckJNI is OFF" 30148 16
D "06-01 19:11:49.277" 30148 dalvikvm "Trying to load lib libjavacore.so 0x0" 30148 17
D "06-01 19:11:49.277" 30148 dalvikvm "Added shared lib libjavacore.so 0x0" 30148 18
D "06-01 19:11:49.287" 30148 dalvikvm "Trying to load lib libnativehelper.so 0x0" 30148 19
D "06-01 19:11:49.287" 30148 dalvikvm "Added shared lib libnativehelper.so 0x0" 30148 20
D "06-01 19:11:49.447" 30148 AndroidRuntime "Calling main entry com.android.commands.input.Input" 30148 21
I "06-01 19:11:49.447" 30148 "Input   " "injectKeyEvent: KeyEvent { action=ACTION_DOWN, keyCode=KEYCODE_BACK, scanCode=0, metaState=0, flags=0x0, repeatCount=0, eventTime=4418926059, downTime=4418926059, deviceId=-1, source=0x101 }" 30148 22
I "06-01 19:11:49.457" 30148 "Input   " "injectKeyEvent: KeyEvent { action=ACTION_UP, keyCode=KEYCODE_BACK, scanCode=0, metaState=0, flags=0x0, repeatCount=0, eventTime=4418926059, downTime=4418926059, deviceId=-1, source=0x101 }" 30148 23
D "06-01 19:11:49.467" 30148 AndroidRuntime "Shutting down VM" 30148 24
D "06-01 19:11:49.467" 30148 dalvikvm "GC_CONCURRENT freed 93K, 18% free 454K/552K, paused 1ms+0ms, total 4ms" 30152 25
D "06-01 19:11:49.878" 30161 AndroidRuntime  30161 26
D "06-01 19:11:49.878" 30161 AndroidRuntime ">>>>>> AndroidRuntime START com.android.internal.os.RuntimeInit <<<<<<" 30161 27
D "06-01 19:11:49.878" 30161 AndroidRuntime "CheckJNI is OFF" 30161 28
D "06-01 19:11:49.888" 30161 dalvikvm "Trying to load lib libjavacore.so 0x0" 30161 29
D "06-01 19:11:49.888" 30161 dalvikvm "Added shared lib libjavacore.so 0x0" 30161 30
D "06-01 19:11:49.898" 30161 dalvikvm "Trying to load lib libnativehelper.so 0x0" 30161 31
D "06-01 19:11:49.898" 30161 dalvikvm "Added shared lib libnativehelper.so 0x0" 30161 32
D "06-01 19:11:50.058" 30161 AndroidRuntime "Calling main entry com.android.commands.input.Input" 30161 33
I "06-01 19:11:50.068" 30161 "Input   " "injectKeyEvent: KeyEvent { action=ACTION_DOWN, keyCode=KEYCODE_BACK, scanCode=0, metaState=0, flags=0x0, repeatCount=0, eventTime=4418926671, downTime=4418926671, deviceId=-1, source=0x101 }" 30161 34
I "06-01 19:11:50.068" 30161 "Input   " "injectKeyEvent: KeyEvent { action=ACTION_UP, keyCode=KEYCODE_BACK, scanCode=0, metaState=0, flags=0x0, repeatCount=0, eventTime=4418926671, downTime=4418926671, deviceId=-1, source=0x101 }" 30161 35
D "06-01 19:11:50.068" 30161 AndroidRuntime "Shutting down VM" 30161 36
D "06-01 19:11:50.078" 30161 dalvikvm "GC_CONCURRENT freed 93K, 18% free 454K/552K, paused 0ms+0ms, total 3ms" 30165 37
D "06-01 19:11:50.499" 30173 AndroidRuntime  30173 38
D "06-01 19:11:50.499" 30173 AndroidRuntime ">>>>>> AndroidRuntime START com.android.internal.os.RuntimeInit <<<<<<" 30173 39
D "06-01 19:11:50.499" 30173 AndroidRuntime "CheckJNI is OFF" 30173 40
D "06-01 19:11:50.509" 30173 dalvikvm "Trying to load lib libjavacore.so 0x0" 30173 41
D "06-01 19:11:50.509" 30173 dalvikvm "Added shared lib libjavacore.so 0x0" 30173 42
D "06-01 19:11:50.509" 30173 dalvikvm "Trying to load lib libnativehelper.so 0x0" 30173 43
D "06-01 19:11:50.509" 30173 dalvikvm "Added shared lib libnativehelper.so 0x0" 30173 44
D "06-01 19:11:50.679" 30173 AndroidRuntime "Calling main entry com.android.commands.input.Input" 30173 45
I "06-01 19:11:50.679" 30173 "Input   " "injectKeyEvent: KeyEvent { action=ACTION_DOWN, keyCode=KEYCODE_BACK, scanCode=0, metaState=0, flags=0x0, repeatCount=0, eventTime=4418927287, downTime=4418927287, deviceId=-1, source=0x101 }" 30173 46
I "06-01 19:11:50.689" 30173 "Input   " "injectKeyEvent: KeyEvent { action=ACTION_UP, keyCode=KEYCODE_BACK, scanCode=0, metaState=0, flags=0x0, repeatCount=0, eventTime=4418927287, downTime=4418927287, deviceId=-1, source=0x101 }" 30173 47
D "06-01 19:11:50.689" 30173 AndroidRuntime "Shutting down VM" 30173 48
D "06-01 19:11:50.689" 30173 dalvikvm "GC_CONCURRENT freed 93K, 18% free 454K/552K, paused 0ms+1ms, total 3ms" 30177 49
D "06-01 19:11:50.869" 170 ThermalDaemon "Sensor 'tsens_tz_sensor8' - alarm raised 1 at 62.0 degC" 242 50
D "06-01 19:11:50.879" 28064 dalvikvm "GC_CONCURRENT freed 412K, 5% free 9083K/9524K, paused 2ms+4ms, total 23ms" 28068 51
D "06-01 19:11:51.039" 28064 "Finsky  " "[1] 5.onFinished: Installation state replication succeeded." 28064 52
D "06-01 19:11:51.129" 30190 AndroidRuntime  30190 53
D "06-01 19:11:51.129" 30190 AndroidRuntime ">>>>>> AndroidRuntime START com.android.internal.os.RuntimeInit <<<<<<" 30190 54
D "06-01 19:11:51.129" 30190 AndroidRuntime "CheckJNI is OFF" 30190 55
D "06-01 19:11:51.139" 30190 dalvikvm "Trying to load lib libjavacore.so 0x0" 30190 56
D "06-01 19:11:51.139" 30190 dalvikvm "Added shared lib libjavacore.so 0x0" 30190 57
D "06-01 19:11:51.149" 30190 dalvikvm "Trying to load lib libnativehelper.so 0x0" 30190 58
D "06-01 19:11:51.149" 30190 dalvikvm "Added shared lib libnativehelper.so 0x0" 30190 59
D "06-01 19:11:51.309" 30190 AndroidRuntime "Calling main entry com.android.commands.input.Input" 30190 60
I "06-01 19:11:51.309" 30190 "Input   " "injectKeyEvent: KeyEvent { action=ACTION_DOWN, keyCode=KEYCODE_BACK, scanCode=0, metaState=0, flags=0x0, repeatCount=0, eventTime=4418927913, downTime=4418927913, deviceId=-1, source=0x101 }" 30190 61
I "06-01 19:11:51.309" 30190 "Input   " "injectKeyEvent: KeyEvent { action=ACTION_UP, keyCode=KEYCODE_BACK, scanCode=0, metaState=0, flags=0x0, repeatCount=0, eventTime=4418927913, downTime=4418927913, deviceId=-1, source=0x101 }" 30190 62
D "06-01 19:11:51.319" 30190 AndroidRuntime "Shutting down VM" 30190 63
D "06-01 19:11:51.329" 30190 dalvikvm "GC_CONCURRENT freed 93K, 18% free 454K/552K, paused 1ms+1ms, total 4ms" 30197 64
D "06-01 19:11:51.800" 30213 AndroidRuntime  30213 65
D "06-01 19:11:51.800" 30213 AndroidRuntime ">>>>>> AndroidRuntime START com.android.internal.os.RuntimeInit <<<<<<" 30213 66
D "06-01 19:11:51.800" 30213 AndroidRuntime "CheckJNI is OFF" 30213 67
D "06-01 19:11:51.800" 30213 dalvikvm "Trying to load lib libjavacore.so 0x0" 30213 68
D "06-01 19:11:51.810" 30213 dalvikvm "Added shared lib libjavacore.so 0x0" 30213 69
D "06-01 19:11:51.810" 30213 dalvikvm "Trying to load lib libnativehelper.so 0x0" 30213 70
D "06-01 19:11:51.810" 30213 dalvikvm "Added shared lib libnativehelper.so 0x0" 30213 71
D "06-01 19:11:51.970" 30213 AndroidRuntime "Calling main entry com.android.commands.am.Am" 30213 72
D "06-01 19:11:51.980" 30213 dalvikvm "Note: class Landroid/app/ActivityManagerNative; has 157 unimplemented (abstract) methods" 30213 73
D "06-01 19:11:51.980" 30213 AndroidRuntime "Shutting down VM" 30213 74
I "06-01 19:11:51.990" 28790 APPTHWACK "Power up" 30223 75
D "06-01 19:11:51.990" 30213 dalvikvm "GC_CONCURRENT freed 91K, 16% free 495K/588K, paused 1ms+0ms, total 3ms" 30217 76
I "06-01 19:11:51.990" 28790 APPTHWACK "Unlock keyguard" 30223 77
I "06-01 19:11:51.990" 28790 APPTHWACK "Go to home" 30223 78
I "06-01 19:11:51.990" 28790 APPTHWACK "WiFi on" 30223 79
I "06-01 19:11:51.990" 28790 APPTHWACK "Disable airplane mode" 30223 80
W "06-01 19:11:51.990" 28790 Settings "Setting airplane_mode_on has moved from android.provider.Settings.System to android.provider.Settings.Global, value is unchanged." 30223 81
    "--------- beginning of /dev/log/system"  82
I "06-01 19:11:51.990" 534 ActivityManager "START u0 {act=android.intent.action.MAIN cat=[android.intent.category.HOME] flg=0x10000000 cmp=com.android.launcher/com.android.launcher2.Launcher} from pid 28790" 895 83
D "06-01 19:11:52.000" 534 BluetoothManagerService "Message: 1" 578 84
D "06-01 19:11:52.000" 534 BluetoothManagerService "MESSAGE_ENABLE: mBluetooth = android.bluetooth.IBluetooth$Stub$Proxy@420be000" 578 85
W "06-01 19:11:52.000" 835 Settings "Setting airplane_mode_on has moved from android.provider.Settings.System to android.provider.Settings.Global, returning read-only value." 835 86
W "06-01 19:11:52.000" 823 Settings "Setting airplane_mode_on has moved from android.provider.Settings.System to android.provider.Settings.Global, returning read-only value." 823 87
I "06-01 19:11:52.000" 22068 BluetoothAdapterState "Bluetooth already ON, ignoring USER_TURN_ON" 22080 88
I "06-01 19:11:52.000" 28790 APPTHWACK "Connecting to WiFi" 30223 89
D "06-01 19:11:52.000" 28803 CellBroadcastReceiver "onReceive Intent { act=android.intent.action.AIRPLANE_MODE flg=0x10 cmp=com.android.cellbroadcastreceiver/.CellBroadcastReceiver (has extras) }" 28803 90
D "06-01 19:11:52.010" 28803 CellBroadcastConfigService "enabling emergency cell broadcast channels" 30224 91
W "06-01 19:11:52.010" 20855 Settings "Setting airplane_mode_on has moved from android.provider.Settings.System to android.provider.Settings.Global, returning read-only value." 20855 92
W "06-01 19:11:52.020" 894 Settings "Setting airplane_mode_on has moved from android.provider.Settings.System to android.provider.Settings.Global, returning read-only value." 894 93
D "06-01 19:11:52.080" 28803 CellBroadcastConfigService "enabled emergency cell broadcast channels" 30224 94
D "06-01 19:11:52.080" 28803 CellBroadcastConfigService "disabling cell broadcast channel 50" 30224 95
D "06-01 19:11:52.080" 28803 CellBroadcastConfigService "disabled cell broadcast channel 50" 30224 96
D "06-01 19:11:52.411" 30234 AndroidRuntime  30234 97
D "06-01 19:11:52.411" 30234 AndroidRuntime ">>>>>> AndroidRuntime START com.android.internal.os.RuntimeInit <<<<<<" 30234 98
D "06-01 19:11:52.411" 30234 AndroidRuntime "CheckJNI is OFF" 30234 99
D "06-01 19:11:52.421" 30234 dalvikvm "Trying to load lib libjavacore.so 0x0" 30234 100
D "06-01 19:11:52.421" 30234 dalvikvm "Added shared lib libjavacore.so 0x0" 30234 101
D "06-01 19:11:52.431" 30234 dalvikvm "Trying to load lib libnativehelper.so 0x0" 30234 102
D "06-01 19:11:52.431" 30234 dalvikvm "Added shared lib libnativehelper.so 0x0" 30234 103
D "06-01 19:11:52.601" 30234 AndroidRuntime "Calling main entry com.android.commands.am.Am" 30234 104
D "06-01 19:11:52.601" 30234 dalvikvm "Note: class Landroid/app/ActivityManagerNative; has 157 unimplemented (abstract) methods" 30234 105
I "06-01 19:11:52.601" 534 ActivityManager "START u0 {flg=0x10000000 cmp=com.trellis.appthwackdevicemanager/.RotatePortrait} from pid 30234" 18756 106
D "06-01 19:11:52.621" 30234 AndroidRuntime "Shutting down VM" 30234 107
D "06-01 19:11:52.621" 30234 dalvikvm "GC_CONCURRENT freed 91K, 16% free 491K/584K, paused 0ms+0ms, total 4ms" 30244 108
W "06-01 19:11:52.651" 534 InputMethodManagerService "Window already focused, ignoring focus gain of: com.android.internal.view.IInputMethodClient$Stub$Proxy@4179edf8 attribute=null, token = android.os.BinderProxy@42205170" 917 109
D "06-01 19:11:55.864" 170 ThermalDaemon "Sensor 'tsens_tz_sensor8' - alarm cleared 1 at 53.0 degC" 242 110
D "06-01 19:11:56.004" 30255 AndroidRuntime  30255 111
D "06-01 19:11:56.004" 30255 AndroidRuntime ">>>>>> AndroidRuntime START com.android.internal.os.RuntimeInit <<<<<<" 30255 112
D "06-01 19:11:56.004" 30255 AndroidRuntime "CheckJNI is OFF" 30255 113
D "06-01 19:11:56.004" 30255 dalvikvm "Trying to load lib libjavacore.so 0x0" 30255 114
D "06-01 19:11:56.014" 30255 dalvikvm "Added shared lib libjavacore.so 0x0" 30255 115
D "06-01 19:11:56.014" 30255 dalvikvm "Trying to load lib libnativehelper.so 0x0" 30255 116
D "06-01 19:11:56.014" 30255 dalvikvm "Added shared lib libnativehelper.so 0x0" 30255 117
D "06-01 19:11:56.195" 30255 AndroidRuntime "Calling main entry com.android.commands.am.Am" 30255 118
D "06-01 19:11:56.195" 30255 dalvikvm "Note: class Landroid/app/ActivityManagerNative; has 157 unimplemented (abstract) methods" 30255 119
I "06-01 19:11:56.205" 30255 AndroidRuntime "VM exiting with result code 1." 30255 120
D "06-01 19:11:57.516" 30271 AndroidRuntime  30271 121
D "06-01 19:11:57.516" 30271 AndroidRuntime ">>>>>> AndroidRuntime START com.android.internal.os.RuntimeInit <<<<<<" 30271 122
D "06-01 19:11:57.516" 30271 AndroidRuntime "CheckJNI is OFF" 30271 123
D "06-01 19:11:57.526" 30271 dalvikvm "Trying to load lib libjavacore.so 0x0" 30271 124
D "06-01 19:11:57.526" 30271 dalvikvm "Added shared lib libjavacore.so 0x0" 30271 125
D "06-01 19:11:57.546" 30271 dalvikvm "Trying to load lib libnativehelper.so 0x0" 30271 126
D "06-01 19:11:57.546" 30271 dalvikvm "Added shared lib libnativehelper.so 0x0" 30271 127
D "06-01 19:11:57.726" 30271 AndroidRuntime "Calling main entry com.android.commands.pm.Pm" 30271 128
D "06-01 19:11:57.826" 30271 AndroidRuntime "Shutting down VM" 30271 129
D "06-01 19:11:57.836" 30271 dalvikvm "GC_CONCURRENT freed 238K, 35% free 463K/704K, paused 0ms+1ms, total 4ms" 30275 130
D "06-01 19:11:58.687" 30296 AndroidRuntime  30296 131
D "06-01 19:11:58.687" 30296 AndroidRuntime ">>>>>> AndroidRuntime START com.android.internal.os.RuntimeInit <<<<<<" 30296 132
D "06-01 19:11:58.687" 30296 AndroidRuntime "CheckJNI is OFF" 30296 133
D "06-01 19:11:58.697" 30296 dalvikvm "Trying to load lib libjavacore.so 0x0" 30296 134
D "06-01 19:11:58.697" 30296 dalvikvm "Added shared lib libjavacore.so 0x0" 30296 135
D "06-01 19:11:58.707" 30296 dalvikvm "Trying to load lib libnativehelper.so 0x0" 30296 136
D "06-01 19:11:58.707" 30296 dalvikvm "Added shared lib libnativehelper.so 0x0" 30296 137
D "06-01 19:11:58.878" 30296 AndroidRuntime "Calling main entry com.android.commands.monkey.Monkey" 30296 138
D "06-01 19:11:58.888" 30296 dalvikvm "Note: class Landroid/app/ActivityManagerNative; has 157 unimplemented (abstract) methods" 30296 139
I "06-01 19:11:58.938" 534 ActivityManager "START u0 {act=android.intent.action.MAIN cat=[android.intent.category.LAUNCHER] flg=0x10200000 cmp=com.trellis.HelloTrellis/.HelloTrellisActivity} from pid 30296" 756 140
I "06-01 19:11:58.998" 534 ActivityManager "Start proc com.trellis.process for activity com.trellis.HelloTrellis/.HelloTrellisActivity: pid=30310 uid=10080 gids={50080, 1015, 1028}" 534 141
D "06-01 19:11:59.018" 159 dalvikvm "GC_EXPLICIT freed 40K, 1% free 8629K/8700K, paused 2ms+3ms, total 33ms" 159 142
I "06-01 19:11:59.038" 30310 dalvikvm "Turning on JNI app bug workarounds for target SDK version 10..." 30310 143
D "06-01 19:11:59.048" 159 dalvikvm "GC_EXPLICIT freed <1K, 1% free 8629K/8700K, paused 2ms+3ms, total 29ms" 159 144
D "06-01 19:11:59.068" 159 dalvikvm "GC_EXPLICIT freed <1K, 1% free 8629K/8700K, paused 1ms+2ms, total 22ms" 159 145
D "06-01 19:11:59.078" 30310 AndroidRuntime "Shutting down VM" 30310 146
W "06-01 19:11:59.078" 30310 dalvikvm "threadid=1: thread exiting with uncaught exception (group=0x40be4930)" 30310 147
D "06-01 19:11:59.088" 158 "overlay " "Unset pipe=VG0 dpy=0; Unset pipe=VG1 dpy=0; Unset pipe=RGB1 dpy=0;" 283 148
E "06-01 19:11:59.088" 30310 AndroidRuntime "FATAL EXCEPTION: main" 30310 149
E "06-01 19:11:59.088" 30310 AndroidRuntime "java.lang.RuntimeException: Unable to start activity ComponentInfo{com.trellis.HelloTrellis/com.trellis.HelloTrellis.HelloTrellisActivity}: java.lang.NullPointerException" 30310 150
E "06-01 19:11:59.088" 30310 AndroidRuntime "	at android.app.ActivityThread.performLaunchActivity(ActivityThread.java:2180)" 30310 151
E "06-01 19:11:59.088" 30310 AndroidRuntime "	at android.app.ActivityThread.handleLaunchActivity(ActivityThread.java:2230)" 30310 152
E "06-01 19:11:59.088" 30310 AndroidRuntime "	at android.app.ActivityThread.access$600(ActivityThread.java:141)" 30310 153
E "06-01 19:11:59.088" 30310 AndroidRuntime "	at android.app.ActivityThread$H.handleMessage(ActivityThread.java:1234)" 30310 154
E "06-01 19:11:59.088" 30310 AndroidRuntime "	at android.os.Handler.dispatchMessage(Handler.java:99)" 30310 155
E "06-01 19:11:59.088" 30310 AndroidRuntime "	at android.os.Looper.loop(Looper.java:137)" 30310 156
E "06-01 19:11:59.088" 30310 AndroidRuntime "	at android.app.ActivityThread.main(ActivityThread.java:5041)" 30310 157
E "06-01 19:11:59.088" 30310 AndroidRuntime "	at java.lang.reflect.Method.invokeNative(Native Method)" 30310 158
E "06-01 19:11:59.088" 30310 AndroidRuntime "	at java.lang.reflect.Method.invoke(Method.java:511)" 30310 159
E "06-01 19:11:59.088" 30310 AndroidRuntime "	at com.android.internal.os.ZygoteInit$MethodAndArgsCaller.run(ZygoteInit.java:793)" 30310 160
E "06-01 19:11:59.088" 30310 AndroidRuntime "	at com.android.internal.os.ZygoteInit.main(ZygoteInit.java:560)" 30310 161
E "06-01 19:11:59.088" 30310 AndroidRuntime "	at dalvik.system.NativeStart.main(Native Method)" 30310 162
E "06-01 19:11:59.088" 30310 AndroidRuntime "Caused by: java.lang.NullPointerException" 30310 163
E "06-01 19:11:59.088" 30310 AndroidRuntime "	at com.trellis.HelloTrellis.HelloTrellisActivity.onCreate(HelloTrellisActivity.java:20)" 30310 164
E "06-01 19:11:59.088" 30310 AndroidRuntime "	at android.app.Activity.performCreate(Activity.java:5104)" 30310 165
E "06-01 19:11:59.088" 30310 AndroidRuntime "	at android.app.Instrumentation.callActivityOnCreate(Instrumentation.java:1080)" 30310 166
E "06-01 19:11:59.088" 30310 AndroidRuntime "	at android.app.ActivityThread.performLaunchActivity(ActivityThread.java:2144)" 30310 167
E "06-01 19:11:59.088" 30310 AndroidRuntime "	... 11 more" 30310 168
W "06-01 19:11:59.088" 534 ActivityManager "  Force finishing activity com.trellis.HelloTrellis/.HelloTrellisActivity" 921 169
W "06-01 19:11:59.098" 850 ViewRootImpl "Dropping event due to no window focus: KeyEvent { action=ACTION_DOWN, keyCode=KEYCODE_DPAD_DOWN, scanCode=0, metaState=0, flags=0x400, repeatCount=0, eventTime=4418935613, downTime=4418935613, deviceId=-1, source=0x101 }" 850 170
W "06-01 19:11:59.108" 850 ViewRootImpl "Dropping event due to no window focus: MotionEvent { action=ACTION_MOVE, id[0]=0, x[0]=1.0, y[0]=1.0, toolType[0]=TOOL_TYPE_UNKNOWN, buttonState=0, metaState=0, flags=0x0, edgeFlags=0x0, pointerCount=1, historySize=7, eventTime=4418935610, downTime=-1, deviceId=0, source=0x10004 }" 850 171
I "06-01 19:11:59.208" 534 ActivityManager "Config changes=1400 {1.0 310mcc?mnc en_US ldltr sw384dp w384dp h567dp 320dpi nrml port finger -keyb/v/h -nav/h s.1391}" 549 172
I "06-01 19:11:59.248" 30296 AndroidRuntime "VM exiting with result code 14." 30296 173
I "06-01 19:11:59.258" 534 ActivityManager "Config changes=1400 {1.0 310mcc?mnc en_US ldltr sw384dp w384dp h567dp 320dpi nrml port finger -keyb/v/h -nav/h s.1392}" 549 174
W "06-01 19:11:59.608" 534 ActivityManager "Activity pause timeout for ActivityRecord{4191d798 u0 com.trellis.HelloTrellis/.HelloTrellisActivity}" 548 175
D "06-01 19:12:09.219" 534 ConnectivityService "Captive portal check NetworkInfo: type: WIFI[], state: CONNECTING/CAPTIVE_PORTAL_CHECK, reason: (unspecified), extra: ""appthwack2"", roaming: false, failover: false, isAvailable: true" 592 176
D "06-01 19:12:09.219" 534 ConnectivityService "Captive portal check NetworkInfo: type: WIFI[], state: CONNECTING/CAPTIVE_PORTAL_CHECK, reason: (unspecified), extra: ""appthwack2"", roaming: false, failover: false, isAvailable: true" 592 177
D "06-01 19:12:09.229" 534 ConnectivityService "ConnectivityChange for WIFI: CONNECTED/CONNECTED" 592 178
D "06-01 19:12:09.239" 534 ConnectivityService "handleConnectivityChange: address are the same reset per doReset linkProperty[1]: resetMask=0" 592 179
D "06-01 19:12:09.249" 534 ConnectivityService "ConnectivityChange for WIFI: CONNECTED/CONNECTED" 592 180
D "06-01 19:12:09.249" 534 ConnectivityService "handleConnectivityChange: address are the same reset per doReset linkProperty[1]: resetMask=0" 592 181
W "06-01 19:12:09.689" 534 ActivityManager "Activity destroy timeout for ActivityRecord{4191d798 u0 com.trellis.HelloTrellis/.HelloTrellisActivity}" 548 182
D "06-01 19:12:10.230" 534 ConnectivityService "NetTransition Wakelock for WifiStateMachine released by timeout" 592 183
D "06-01 19:12:10.790" 30415 AndroidRuntime  30415 184
D "06-01 19:12:10.790" 30415 AndroidRuntime ">>>>>> AndroidRuntime START com.android.internal.os.RuntimeInit <<<<<<" 30415 185
D "06-01 19:12:10.790" 30415 AndroidRuntime "CheckJNI is OFF" 30415 186
D "06-01 19:12:10.800" 30415 dalvikvm "Trying to load lib libjavacore.so 0x0" 30415 187
D "06-01 19:12:10.810" 30415 dalvikvm "Added shared lib libjavacore.so 0x0" 30415 188
D "06-01 19:12:10.820" 30415 dalvikvm "Trying to load lib libnativehelper.so 0x0" 30415 189
D "06-01 19:12:10.820" 30415 dalvikvm "Added shared lib libnativehelper.so 0x0" 30415 190
D "06-01 19:12:10.990" 30415 AndroidRuntime "Calling main entry com.android.commands.am.Am" 30415 191
D "06-01 19:12:10.990" 30415 dalvikvm "Note: class Landroid/app/ActivityManagerNative; has 157 unimplemented (abstract) methods" 30415 192
I "06-01 19:12:11.000" 30415 AndroidRuntime "VM exiting with result code 1." 30415 193
D "06-01 19:12:12.242" 534 Tethering "MasterInitialState.processMessage what=3" 594 194
D "06-01 19:12:12.292" 534 Tethering "MasterInitialState.processMessage what=3" 594 195
E "06-01 19:12:12.382" 534 "        " "W/virtual loc_api_adapter_err LocApiAdapter::enableData(int): default implementation invoked" 977 196
E "06-01 19:12:12.382" 534 "        " "W/virtual loc_api_adapter_err LocApiAdapter::setAPN(char*, int): default implementation invoked" 977 197
E "06-01 19:12:12.412" 534 "        " "W/virtual loc_api_adapter_err LocApiAdapter::enableData(int): default implementation invoked" 977 198
E "06-01 19:12:12.412" 534 "        " "W/virtual loc_api_adapter_err LocApiAdapter::setAPN(char*, int): default implementation invoked" 977 199
D "06-01 19:12:12.802" 534 ConnectivityService "handleInetConditionHoldEnd: net=1, condition=100, published condition=0" 592 200
