    "--------- beginning of /dev/log/main"  1
D "06-01 19:06:26.329" 18756 AndroidRuntime  18756 2
D "06-01 19:06:26.329" 18756 AndroidRuntime ">>>>>> AndroidRuntime START com.android.internal.os.RuntimeInit <<<<<<" 18756 3
D "06-01 19:06:26.329" 18756 AndroidRuntime "CheckJNI is OFF" 18756 4
D "06-01 19:06:26.337" 18756 dalvikvm "Trying to load lib libjavacore.so 0x0" 18756 5
D "06-01 19:06:26.344" 18756 dalvikvm "Added shared lib libjavacore.so 0x0" 18756 6
D "06-01 19:06:26.344" 18756 dalvikvm "Trying to load lib libnativehelper.so 0x0" 18756 7
D "06-01 19:06:26.344" 18756 dalvikvm "Added shared lib libnativehelper.so 0x0" 18756 8
D "06-01 19:06:26.485" 18756 AndroidRuntime "Calling main entry com.android.commands.input.Input" 18756 9
I "06-01 19:06:26.485" 18756 "Input   " "injectKeyEvent: KeyEvent { action=ACTION_DOWN, keyCode=KEYCODE_BACK, scanCode=0, metaState=0, flags=0x0, repeatCount=0, eventTime=4205018118, downTime=4205018118, deviceId=-1, source=0x101 }" 18756 10
I "06-01 19:06:26.485" 18756 "Input   " "injectKeyEvent: KeyEvent { action=ACTION_UP, keyCode=KEYCODE_BACK, scanCode=0, metaState=0, flags=0x0, repeatCount=0, eventTime=4205018118, downTime=4205018118, deviceId=-1, source=0x101 }" 18756 11
D "06-01 19:06:26.485" 18756 AndroidRuntime "Shutting down VM" 18756 12
D "06-01 19:06:26.493" 18756 dalvikvm "GC_CONCURRENT freed 99K, 19% free 455K/556K, paused 0ms+0ms, total 2ms" 18760 13
D "06-01 19:06:26.704" 25858 LightsService "Excessive delay setting light: 69ms" 28570 14
D "06-01 19:06:26.946" 18769 AndroidRuntime  18769 15
D "06-01 19:06:26.946" 18769 AndroidRuntime ">>>>>> AndroidRuntime START com.android.internal.os.RuntimeInit <<<<<<" 18769 16
D "06-01 19:06:26.946" 18769 AndroidRuntime "CheckJNI is OFF" 18769 17
D "06-01 19:06:26.954" 18769 dalvikvm "Trying to load lib libjavacore.so 0x0" 18769 18
D "06-01 19:06:26.962" 18769 dalvikvm "Added shared lib libjavacore.so 0x0" 18769 19
D "06-01 19:06:26.969" 18769 dalvikvm "Trying to load lib libnativehelper.so 0x0" 18769 20
D "06-01 19:06:26.969" 18769 dalvikvm "Added shared lib libnativehelper.so 0x0" 18769 21
D "06-01 19:06:27.118" 18769 AndroidRuntime "Calling main entry com.android.commands.input.Input" 18769 22
I "06-01 19:06:27.118" 18769 "Input   " "injectKeyEvent: KeyEvent { action=ACTION_DOWN, keyCode=KEYCODE_BACK, scanCode=0, metaState=0, flags=0x0, repeatCount=0, eventTime=4205018753, downTime=4205018753, deviceId=-1, source=0x101 }" 18769 23
I "06-01 19:06:27.149" 18769 "Input   " "injectKeyEvent: KeyEvent { action=ACTION_UP, keyCode=KEYCODE_BACK, scanCode=0, metaState=0, flags=0x0, repeatCount=0, eventTime=4205018753, downTime=4205018753, deviceId=-1, source=0x101 }" 18769 24
D "06-01 19:06:27.180" 18769 AndroidRuntime "Shutting down VM" 18769 25
D "06-01 19:06:27.188" 18769 dalvikvm "GC_CONCURRENT freed 99K, 19% free 455K/556K, paused 0ms+0ms, total 3ms" 18773 26
D "06-01 19:06:27.633" 18781 AndroidRuntime  18781 27
D "06-01 19:06:27.633" 18781 AndroidRuntime ">>>>>> AndroidRuntime START com.android.internal.os.RuntimeInit <<<<<<" 18781 28
D "06-01 19:06:27.633" 18781 AndroidRuntime "CheckJNI is OFF" 18781 29
D "06-01 19:06:27.641" 18781 dalvikvm "Trying to load lib libjavacore.so 0x0" 18781 30
D "06-01 19:06:27.641" 18781 dalvikvm "Added shared lib libjavacore.so 0x0" 18781 31
D "06-01 19:06:27.649" 18781 dalvikvm "Trying to load lib libnativehelper.so 0x0" 18781 32
D "06-01 19:06:27.649" 18781 dalvikvm "Added shared lib libnativehelper.so 0x0" 18781 33
D "06-01 19:06:27.829" 18781 AndroidRuntime "Calling main entry com.android.commands.input.Input" 18781 34
I "06-01 19:06:27.829" 18781 "Input   " "injectKeyEvent: KeyEvent { action=ACTION_DOWN, keyCode=KEYCODE_BACK, scanCode=0, metaState=0, flags=0x0, repeatCount=0, eventTime=4205019464, downTime=4205019464, deviceId=-1, source=0x101 }" 18781 35
I "06-01 19:06:27.860" 18781 "Input   " "injectKeyEvent: KeyEvent { action=ACTION_UP, keyCode=KEYCODE_BACK, scanCode=0, metaState=0, flags=0x0, repeatCount=0, eventTime=4205019464, downTime=4205019464, deviceId=-1, source=0x101 }" 18781 36
D "06-01 19:06:27.891" 18781 AndroidRuntime "Shutting down VM" 18781 37
D "06-01 19:06:27.899" 18781 dalvikvm "GC_CONCURRENT freed 99K, 19% free 455K/556K, paused 0ms+1ms, total 3ms" 18785 38
D "06-01 19:06:28.337" 18793 AndroidRuntime  18793 39
D "06-01 19:06:28.337" 18793 AndroidRuntime ">>>>>> AndroidRuntime START com.android.internal.os.RuntimeInit <<<<<<" 18793 40
D "06-01 19:06:28.337" 18793 AndroidRuntime "CheckJNI is OFF" 18793 41
D "06-01 19:06:28.344" 18793 dalvikvm "Trying to load lib libjavacore.so 0x0" 18793 42
D "06-01 19:06:28.344" 18793 dalvikvm "Added shared lib libjavacore.so 0x0" 18793 43
D "06-01 19:06:28.352" 18793 dalvikvm "Trying to load lib libnativehelper.so 0x0" 18793 44
D "06-01 19:06:28.352" 18793 dalvikvm "Added shared lib libnativehelper.so 0x0" 18793 45
D "06-01 19:06:28.493" 18793 AndroidRuntime "Calling main entry com.android.commands.input.Input" 18793 46
I "06-01 19:06:28.501" 18793 "Input   " "injectKeyEvent: KeyEvent { action=ACTION_DOWN, keyCode=KEYCODE_BACK, scanCode=0, metaState=0, flags=0x0, repeatCount=0, eventTime=4205020132, downTime=4205020132, deviceId=-1, source=0x101 }" 18793 47
I "06-01 19:06:28.524" 18793 "Input   " "injectKeyEvent: KeyEvent { action=ACTION_UP, keyCode=KEYCODE_BACK, scanCode=0, metaState=0, flags=0x0, repeatCount=0, eventTime=4205020132, downTime=4205020132, deviceId=-1, source=0x101 }" 18793 48
D "06-01 19:06:28.555" 18793 AndroidRuntime "Shutting down VM" 18793 49
D "06-01 19:06:28.555" 18793 dalvikvm "GC_CONCURRENT freed 99K, 19% free 455K/556K, paused 1ms+0ms, total 4ms" 18797 50
D "06-01 19:06:29.016" 18805 AndroidRuntime  18805 51
D "06-01 19:06:29.016" 18805 AndroidRuntime ">>>>>> AndroidRuntime START com.android.internal.os.RuntimeInit <<<<<<" 18805 52
D "06-01 19:06:29.016" 18805 AndroidRuntime "CheckJNI is OFF" 18805 53
D "06-01 19:06:29.024" 18805 dalvikvm "Trying to load lib libjavacore.so 0x0" 18805 54
D "06-01 19:06:29.024" 18805 dalvikvm "Added shared lib libjavacore.so 0x0" 18805 55
D "06-01 19:06:29.032" 18805 dalvikvm "Trying to load lib libnativehelper.so 0x0" 18805 56
D "06-01 19:06:29.032" 18805 dalvikvm "Added shared lib libnativehelper.so 0x0" 18805 57
D "06-01 19:06:29.172" 18805 AndroidRuntime "Calling main entry com.android.commands.input.Input" 18805 58
I "06-01 19:06:29.180" 18805 "Input   " "injectKeyEvent: KeyEvent { action=ACTION_DOWN, keyCode=KEYCODE_BACK, scanCode=0, metaState=0, flags=0x0, repeatCount=0, eventTime=4205020813, downTime=4205020813, deviceId=-1, source=0x101 }" 18805 59
I "06-01 19:06:29.196" 18805 "Input   " "injectKeyEvent: KeyEvent { action=ACTION_UP, keyCode=KEYCODE_BACK, scanCode=0, metaState=0, flags=0x0, repeatCount=0, eventTime=4205020813, downTime=4205020813, deviceId=-1, source=0x101 }" 18805 60
D "06-01 19:06:29.235" 18805 AndroidRuntime "Shutting down VM" 18805 61
D "06-01 19:06:29.235" 18805 dalvikvm "GC_CONCURRENT freed 99K, 19% free 455K/556K, paused 0ms+1ms, total 4ms" 18809 62
D "06-01 19:06:29.805" 18820 AndroidRuntime  18820 63
D "06-01 19:06:29.805" 18820 AndroidRuntime ">>>>>> AndroidRuntime START com.android.internal.os.RuntimeInit <<<<<<" 18820 64
D "06-01 19:06:29.805" 18820 AndroidRuntime "CheckJNI is OFF" 18820 65
D "06-01 19:06:29.813" 18820 dalvikvm "Trying to load lib libjavacore.so 0x0" 18820 66
D "06-01 19:06:29.813" 18820 dalvikvm "Added shared lib libjavacore.so 0x0" 18820 67
D "06-01 19:06:29.821" 18820 dalvikvm "Trying to load lib libnativehelper.so 0x0" 18820 68
D "06-01 19:06:29.821" 18820 dalvikvm "Added shared lib libnativehelper.so 0x0" 18820 69
D "06-01 19:06:29.954" 18820 AndroidRuntime "Calling main entry com.android.commands.am.Am" 18820 70
D "06-01 19:06:29.962" 18820 dalvikvm "Note: class Landroid/app/ActivityManagerNative; has 156 unimplemented (abstract) methods" 18820 71
D "06-01 19:06:29.985" 18820 AndroidRuntime "Shutting down VM" 18820 72
    "--------- beginning of /dev/log/system"  73
I "06-01 19:06:29.985" 25858 ActivityManager "Start proc com.trellis.appthwackdevicemanager for service com.trellis.appthwackdevicemanager/.Wake: pid=18830 uid=10002 gids={50002, 1015, 1028}" 8320 74
D "06-01 19:06:29.993" 18820 dalvikvm "GC_CONCURRENT freed 97K, 17% free 496K/596K, paused 0ms+0ms, total 3ms" 18824 75
I "06-01 19:06:29.993" 18830 dalvikvm "Turning on JNI app bug workarounds for target SDK version 3..." 18830 76
I "06-01 19:06:30.024" 18830 APPTHWACK "Power up" 18842 77
I "06-01 19:06:30.032" 18830 APPTHWACK "Unlock keyguard" 18842 78
I "06-01 19:06:30.032" 18830 APPTHWACK "Go to home" 18842 79
I "06-01 19:06:30.032" 25858 ActivityManager "START u0 {act=android.intent.action.MAIN cat=[android.intent.category.HOME] flg=0x10000000 cmp=com.android.launcher/com.android.launcher2.Launcher} from pid 18830" 8320 80
I "06-01 19:06:30.040" 18830 APPTHWACK "WiFi on" 18842 81
I "06-01 19:06:30.040" 18830 APPTHWACK "Disable airplane mode" 18842 82
W "06-01 19:06:30.040" 18830 Settings "Setting airplane_mode_on has moved from android.provider.Settings.System to android.provider.Settings.Global, value is unchanged." 18842 83
W "06-01 19:06:30.040" 4211 Settings "Setting airplane_mode_on has moved from android.provider.Settings.System to android.provider.Settings.Global, returning read-only value." 4211 84
W "06-01 19:06:30.040" 18289 Settings "Setting airplane_mode_on has moved from android.provider.Settings.System to android.provider.Settings.Global, returning read-only value." 18289 85
I "06-01 19:06:30.040" 18830 APPTHWACK "Connecting to WiFi" 18842 86
W "06-01 19:06:30.040" 26159 Settings "Setting airplane_mode_on has moved from android.provider.Settings.System to android.provider.Settings.Global, returning read-only value." 26159 87
D "06-01 19:06:30.040" 25858 BluetoothManagerService "Message: 1" 25931 88
D "06-01 19:06:30.040" 25858 BluetoothManagerService "MESSAGE_ENABLE: mBluetooth = android.bluetooth.IBluetooth$Stub$Proxy@4308bfa0" 25931 89
I "06-01 19:06:30.047" 29601 BluetoothAdapterState "Bluetooth already ON, ignoring USER_TURN_ON" 29619 90
I "06-01 19:06:30.055" 25858 ActivityManager "No longer want com.google.android.inputmethod.latin.dictionarypack (pid 18491): empty #17" 25869 91
W "06-01 19:06:30.079" 26154 Settings "Setting airplane_mode_on has moved from android.provider.Settings.System to android.provider.Settings.Global, returning read-only value." 26154 92
D "06-01 19:06:30.391" 18846 AndroidRuntime  18846 93
D "06-01 19:06:30.391" 18846 AndroidRuntime ">>>>>> AndroidRuntime START com.android.internal.os.RuntimeInit <<<<<<" 18846 94
D "06-01 19:06:30.391" 18846 AndroidRuntime "CheckJNI is OFF" 18846 95
D "06-01 19:06:30.407" 18846 dalvikvm "Trying to load lib libjavacore.so 0x0" 18846 96
D "06-01 19:06:30.407" 18846 dalvikvm "Added shared lib libjavacore.so 0x0" 18846 97
D "06-01 19:06:30.415" 18846 dalvikvm "Trying to load lib libnativehelper.so 0x0" 18846 98
D "06-01 19:06:30.415" 18846 dalvikvm "Added shared lib libnativehelper.so 0x0" 18846 99
D "06-01 19:06:30.547" 18846 AndroidRuntime "Calling main entry com.android.commands.am.Am" 18846 100
D "06-01 19:06:30.555" 18846 dalvikvm "Note: class Landroid/app/ActivityManagerNative; has 156 unimplemented (abstract) methods" 18846 101
I "06-01 19:06:30.555" 25858 ActivityManager "START u0 {flg=0x10000000 cmp=com.trellis.appthwackdevicemanager/.RotatePortrait} from pid 18846" 27744 102
D "06-01 19:06:30.610" 18846 AndroidRuntime "Shutting down VM" 18846 103
D "06-01 19:06:30.610" 18846 dalvikvm "GC_CONCURRENT freed 97K, 17% free 493K/592K, paused 0ms+1ms, total 3ms" 18850 104
I "06-01 19:06:30.633" 25858 UsageStats "Deleting usage file : usage-20130528" 18856 105
W "06-01 19:06:30.727" 25858 InputMethodManagerService "Window already focused, ignoring focus gain of: com.android.internal.view.IInputMethodClient$Stub$Proxy@43532868 attribute=null, token = android.os.BinderProxy@431a04c0" 26095 106
D "06-01 19:06:31.618" 4211 dalvikvm "GC_CONCURRENT freed 388K, 6% free 9498K/10052K, paused 2ms+3ms, total 26ms" 4215 107
D "06-01 19:06:34.032" 18859 AndroidRuntime  18859 108
D "06-01 19:06:34.032" 18859 AndroidRuntime ">>>>>> AndroidRuntime START com.android.internal.os.RuntimeInit <<<<<<" 18859 109
D "06-01 19:06:34.032" 18859 AndroidRuntime "CheckJNI is OFF" 18859 110
D "06-01 19:06:34.040" 18859 dalvikvm "Trying to load lib libjavacore.so 0x0" 18859 111
D "06-01 19:06:34.040" 18859 dalvikvm "Added shared lib libjavacore.so 0x0" 18859 112
D "06-01 19:06:34.047" 18859 dalvikvm "Trying to load lib libnativehelper.so 0x0" 18859 113
D "06-01 19:06:34.047" 18859 dalvikvm "Added shared lib libnativehelper.so 0x0" 18859 114
D "06-01 19:06:34.180" 18859 AndroidRuntime "Calling main entry com.android.commands.am.Am" 18859 115
D "06-01 19:06:34.180" 18859 dalvikvm "Note: class Landroid/app/ActivityManagerNative; has 156 unimplemented (abstract) methods" 18859 116
I "06-01 19:06:34.188" 18859 AndroidRuntime "VM exiting with result code 1." 18859 117
D "06-01 19:06:37.274" 25858 LightsService "Excessive delay setting light: 68ms" 29755 118
D "06-01 19:06:37.891" 18875 AndroidRuntime  18875 119
D "06-01 19:06:37.891" 18875 AndroidRuntime ">>>>>> AndroidRuntime START com.android.internal.os.RuntimeInit <<<<<<" 18875 120
D "06-01 19:06:37.891" 18875 AndroidRuntime "CheckJNI is OFF" 18875 121
D "06-01 19:06:37.899" 18875 dalvikvm "Trying to load lib libjavacore.so 0x0" 18875 122
D "06-01 19:06:37.907" 18875 dalvikvm "Added shared lib libjavacore.so 0x0" 18875 123
D "06-01 19:06:37.907" 18875 dalvikvm "Trying to load lib libnativehelper.so 0x0" 18875 124
D "06-01 19:06:37.907" 18875 dalvikvm "Added shared lib libnativehelper.so 0x0" 18875 125
D "06-01 19:06:38.040" 18875 AndroidRuntime "Calling main entry com.android.commands.pm.Pm" 18875 126
D "06-01 19:06:38.102" 18875 AndroidRuntime "Shutting down VM" 18875 127
D "06-01 19:06:38.110" 18875 dalvikvm "GC_CONCURRENT freed 267K, 37% free 464K/736K, paused 0ms+1ms, total 5ms" 18879 128
D "06-01 19:06:42.313" 18887 AndroidRuntime  18887 129
D "06-01 19:06:42.313" 18887 AndroidRuntime ">>>>>> AndroidRuntime START com.android.internal.os.RuntimeInit <<<<<<" 18887 130
D "06-01 19:06:42.313" 18887 AndroidRuntime "CheckJNI is OFF" 18887 131
D "06-01 19:06:42.321" 18887 dalvikvm "Trying to load lib libjavacore.so 0x0" 18887 132
D "06-01 19:06:42.321" 18887 dalvikvm "Added shared lib libjavacore.so 0x0" 18887 133
D "06-01 19:06:42.329" 18887 dalvikvm "Trying to load lib libnativehelper.so 0x0" 18887 134
D "06-01 19:06:42.329" 18887 dalvikvm "Added shared lib libnativehelper.so 0x0" 18887 135
D "06-01 19:06:42.469" 18887 AndroidRuntime "Calling main entry com.android.commands.am.Am" 18887 136
D "06-01 19:06:42.469" 18887 dalvikvm "Note: class Landroid/app/ActivityManagerNative; has 156 unimplemented (abstract) methods" 18887 137
I "06-01 19:06:42.477" 25858 ActivityManager "START u0 {flg=0x10000000 cmp=com.trellis.HelloTrellis/.HelloTrellisActivity} from pid 18887" 25869 138
D "06-01 19:06:42.540" 18887 AndroidRuntime "Shutting down VM" 18887 139
D "06-01 19:06:42.547" 18887 dalvikvm "GC_CONCURRENT freed 97K, 17% free 493K/592K, paused 0ms+0ms, total 4ms" 18891 140
I "06-01 19:06:42.555" 25858 ActivityManager "Start proc com.trellis.process for activity com.trellis.HelloTrellis/.HelloTrellisActivity: pid=18897 uid=10121 gids={50121, 1015, 1028}" 8291 141
I "06-01 19:06:42.571" 18897 dalvikvm "Turning on JNI app bug workarounds for target SDK version 10..." 18897 142
D "06-01 19:06:42.688" 26182 dalvikvm "GC_CONCURRENT freed 2777K, 41% free 18011K/30140K, paused 3ms+5ms, total 41ms" 26187 143
D "06-01 19:06:42.688" 26182 dalvikvm "WAIT_FOR_CONCURRENT_GC blocked 38ms" 26182 144
V "06-01 19:06:42.696" 25992 PhoneStatusBar setLightsOn(true) 25992 145
I "06-01 19:06:42.782" 25858 ActivityManager "Displayed com.trellis.HelloTrellis/.HelloTrellisActivity: +242ms (total +12s145ms)" 25876 146
D "06-01 19:06:43.711" 26288 dalvikvm "GC_CONCURRENT freed 382K, 6% free 9682K/10196K, paused 7ms+4ms, total 38ms" 26292 147
D "06-01 19:06:59.672" 18919 AndroidRuntime  18919 148
D "06-01 19:06:59.672" 18919 AndroidRuntime ">>>>>> AndroidRuntime START com.android.internal.os.RuntimeInit <<<<<<" 18919 149
D "06-01 19:06:59.672" 18919 AndroidRuntime "CheckJNI is OFF" 18919 150
D "06-01 19:06:59.680" 18919 dalvikvm "Trying to load lib libjavacore.so 0x0" 18919 151
D "06-01 19:06:59.688" 18919 dalvikvm "Added shared lib libjavacore.so 0x0" 18919 152
D "06-01 19:06:59.688" 18919 dalvikvm "Trying to load lib libnativehelper.so 0x0" 18919 153
D "06-01 19:06:59.688" 18919 dalvikvm "Added shared lib libnativehelper.so 0x0" 18919 154
D "06-01 19:06:59.821" 18919 AndroidRuntime "Calling main entry com.android.commands.am.Am" 18919 155
D "06-01 19:06:59.821" 18919 dalvikvm "Note: class Landroid/app/ActivityManagerNative; has 156 unimplemented (abstract) methods" 18919 156
I "06-01 19:06:59.829" 18919 AndroidRuntime "VM exiting with result code 1." 18919 157
D "06-01 19:07:02.954" 18938 AndroidRuntime  18938 158
D "06-01 19:07:02.954" 18938 AndroidRuntime ">>>>>> AndroidRuntime START com.android.internal.os.RuntimeInit <<<<<<" 18938 159
D "06-01 19:07:02.954" 18938 AndroidRuntime "CheckJNI is OFF" 18938 160
D "06-01 19:07:02.962" 18938 dalvikvm "Trying to load lib libjavacore.so 0x0" 18938 161
D "06-01 19:07:02.969" 18938 dalvikvm "Added shared lib libjavacore.so 0x0" 18938 162
D "06-01 19:07:02.969" 18938 dalvikvm "Trying to load lib libnativehelper.so 0x0" 18938 163
D "06-01 19:07:02.969" 18938 dalvikvm "Added shared lib libnativehelper.so 0x0" 18938 164
D "06-01 19:07:03.110" 18938 AndroidRuntime "Calling main entry com.android.commands.pm.Pm" 18938 165
D "06-01 19:07:03.157" 18938 AndroidRuntime "Shutting down VM" 18938 166
D "06-01 19:07:03.157" 18938 dalvikvm "GC_CONCURRENT freed 267K, 37% free 464K/736K, paused 0ms+1ms, total 3ms" 18942 167
D "06-01 19:07:04.094" 18960 AndroidRuntime  18960 168
D "06-01 19:07:04.094" 18960 AndroidRuntime ">>>>>> AndroidRuntime START com.android.internal.os.RuntimeInit <<<<<<" 18960 169
D "06-01 19:07:04.094" 18960 AndroidRuntime "CheckJNI is OFF" 18960 170
D "06-01 19:07:04.102" 18960 dalvikvm "Trying to load lib libjavacore.so 0x0" 18960 171
D "06-01 19:07:04.102" 18960 dalvikvm "Added shared lib libjavacore.so 0x0" 18960 172
D "06-01 19:07:04.110" 18960 dalvikvm "Trying to load lib libnativehelper.so 0x0" 18960 173
D "06-01 19:07:04.110" 18960 dalvikvm "Added shared lib libnativehelper.so 0x0" 18960 174
D "06-01 19:07:04.243" 18960 AndroidRuntime "Calling main entry com.android.commands.pm.Pm" 18960 175
W "06-01 19:07:04.258" 25858 ActivityManager "No content provider found for permission revoke: file:///sdcard/temp.apk" 25883 176
W "06-01 19:07:04.258" 25858 ActivityManager "No content provider found for permission revoke: file:///sdcard/temp.apk" 25883 177
I "06-01 19:07:04.258" 25858 PackageManager "Copying native libraries to /data/app-lib/vmdl1162483232" 25883 178
I "06-01 19:07:04.344" 25858 PackageManager "Running dexopt on: com.appthwack.test" 25883 179
I "06-01 19:07:04.344" 25858 PackageManager "Linking native library dir for /data/app/com.appthwack.test-1.apk" 25883 180
D "06-01 19:07:04.391" 18971 dalvikvm "DexOpt: 'Landroid/annotation/SuppressLint;' has an earlier definition; blocking out" 18971 181
D "06-01 19:07:04.391" 18971 dalvikvm "DexOpt: 'Landroid/annotation/TargetApi;' has an earlier definition; blocking out" 18971 182
D "06-01 19:07:04.415" 18971 dalvikvm "DexOpt: not verifying/optimizing 'Landroid/annotation/SuppressLint;': multiple definitions" 18971 183
D "06-01 19:07:04.415" 18971 dalvikvm "DexOpt: not verifying/optimizing 'Landroid/annotation/TargetApi;': multiple definitions" 18971 184
D "06-01 19:07:04.516" 18971 dalvikvm "DexOpt: load 28ms, verify+opt 95ms, 565836 bytes" 18971 185
I "06-01 19:07:04.579" 25858 ActivityManager "Force stopping package com.appthwack.test appid=10122 user=-1" 25877 186
D "06-01 19:07:04.727" 25858 PackageManager "New package installed in /data/app/com.appthwack.test-1.apk" 25883 187
I "06-01 19:07:04.876" 25858 InputReader "Reconfiguring input devices.  changes=0x00000010" 25930 188
I "06-01 19:07:04.883" 26159 RegisteredComponentCache "ComponentInfo: ResolveInfo{428f58a0 com.android.apps.tag.TagViewer p=0 o=0 m=0x108000}, techs: android.nfc.tech.Ndef," 26159 189
D "06-01 19:07:04.883" 25858 PackageManager "generateServicesMap() for 0" 25874 190
D "06-01 19:07:04.907" 25858 PackageManager "generateServicesMap() for 0" 25874 191
D "06-01 19:07:05.008" 26159 dalvikvm "GC_CONCURRENT freed 469K, 6% free 9095K/9600K, paused 2ms+19ms, total 41ms" 26163 192
D "06-01 19:07:05.258" 25858 dalvikvm "GC_EXPLICIT freed 3583K, 17% free 66584K/79948K, paused 9ms+23ms, total 386ms" 25883 193
D "06-01 19:07:05.258" 18960 AndroidRuntime "Shutting down VM" 18960 194
D "06-01 19:07:05.258" 18960 dalvikvm "GC_CONCURRENT freed 96K, 18% free 460K/560K, paused 0ms+1ms, total 2ms" 18964 195
D "06-01 19:07:05.790" 18982 AndroidRuntime  18982 196
D "06-01 19:07:05.790" 18982 AndroidRuntime ">>>>>> AndroidRuntime START com.android.internal.os.RuntimeInit <<<<<<" 18982 197
D "06-01 19:07:05.790" 18982 AndroidRuntime "CheckJNI is OFF" 18982 198
D "06-01 19:07:05.797" 18982 dalvikvm "Trying to load lib libjavacore.so 0x0" 18982 199
D "06-01 19:07:05.797" 18982 dalvikvm "Added shared lib libjavacore.so 0x0" 18982 200
D "06-01 19:07:05.805" 18982 dalvikvm "Trying to load lib libnativehelper.so 0x0" 18982 201
D "06-01 19:07:05.805" 18982 dalvikvm "Added shared lib libnativehelper.so 0x0" 18982 202
D "06-01 19:07:05.930" 18479 dalvikvm "GC_CONCURRENT freed 410K, 5% free 9255K/9696K, paused 3ms+7ms, total 27ms" 18481 203
D "06-01 19:07:05.954" 18982 AndroidRuntime "Calling main entry com.android.commands.input.Input" 18982 204
I "06-01 19:07:05.962" 18982 "Input   " "injectKeyEvent: KeyEvent { action=ACTION_DOWN, keyCode=KEYCODE_BACK, scanCode=0, metaState=0, flags=0x0, repeatCount=0, eventTime=4205057592, downTime=4205057592, deviceId=-1, source=0x101 }" 18982 205
I "06-01 19:07:06.001" 18982 "Input   " "injectKeyEvent: KeyEvent { action=ACTION_UP, keyCode=KEYCODE_BACK, scanCode=0, metaState=0, flags=0x0, repeatCount=0, eventTime=4205057592, downTime=4205057592, deviceId=-1, source=0x101 }" 18982 206
D "06-01 19:07:06.032" 18982 AndroidRuntime "Shutting down VM" 18982 207
D "06-01 19:07:06.040" 18982 dalvikvm "GC_CONCURRENT freed 99K, 19% free 455K/556K, paused 0ms+0ms, total 4ms" 18986 208
W "06-01 19:07:06.141" 25858 InputMethodManagerService "Starting input on non-focused client com.android.internal.view.IInputMethodClient$Stub$Proxy@43693858 (uid=10121 pid=18897)" 27743 209
D "06-01 19:07:06.212" 25858 LightsService "Excessive delay setting light: 65ms" 25988 210
D "06-01 19:07:06.501" 18994 AndroidRuntime  18994 211
D "06-01 19:07:06.501" 18994 AndroidRuntime ">>>>>> AndroidRuntime START com.android.internal.os.RuntimeInit <<<<<<" 18994 212
D "06-01 19:07:06.501" 18994 AndroidRuntime "CheckJNI is OFF" 18994 213
D "06-01 19:07:06.508" 18994 dalvikvm "Trying to load lib libjavacore.so 0x0" 18994 214
D "06-01 19:07:06.508" 18994 dalvikvm "Added shared lib libjavacore.so 0x0" 18994 215
D "06-01 19:07:06.516" 18994 dalvikvm "Trying to load lib libnativehelper.so 0x0" 18994 216
D "06-01 19:07:06.516" 18994 dalvikvm "Added shared lib libnativehelper.so 0x0" 18994 217
D "06-01 19:07:06.672" 18994 AndroidRuntime "Calling main entry com.android.commands.input.Input" 18994 218
I "06-01 19:07:06.672" 18994 "Input   " "injectKeyEvent: KeyEvent { action=ACTION_DOWN, keyCode=KEYCODE_BACK, scanCode=0, metaState=0, flags=0x0, repeatCount=0, eventTime=4205058307, downTime=4205058307, deviceId=-1, source=0x101 }" 18994 219
I "06-01 19:07:06.672" 18994 "Input   " "injectKeyEvent: KeyEvent { action=ACTION_UP, keyCode=KEYCODE_BACK, scanCode=0, metaState=0, flags=0x0, repeatCount=0, eventTime=4205058307, downTime=4205058307, deviceId=-1, source=0x101 }" 18994 220
D "06-01 19:07:06.680" 18994 AndroidRuntime "Shutting down VM" 18994 221
D "06-01 19:07:06.680" 18994 dalvikvm "GC_CONCURRENT freed 99K, 19% free 455K/556K, paused 0ms+0ms, total 2ms" 18998 222
D "06-01 19:07:07.126" 19006 AndroidRuntime  19006 223
D "06-01 19:07:07.126" 19006 AndroidRuntime ">>>>>> AndroidRuntime START com.android.internal.os.RuntimeInit <<<<<<" 19006 224
D "06-01 19:07:07.126" 19006 AndroidRuntime "CheckJNI is OFF" 19006 225
D "06-01 19:07:07.141" 19006 dalvikvm "Trying to load lib libjavacore.so 0x0" 19006 226
D "06-01 19:07:07.141" 19006 dalvikvm "Added shared lib libjavacore.so 0x0" 19006 227
D "06-01 19:07:07.149" 19006 dalvikvm "Trying to load lib libnativehelper.so 0x0" 19006 228
D "06-01 19:07:07.149" 19006 dalvikvm "Added shared lib libnativehelper.so 0x0" 19006 229
D "06-01 19:07:07.290" 19006 AndroidRuntime "Calling main entry com.android.commands.input.Input" 19006 230
I "06-01 19:07:07.297" 19006 "Input   " "injectKeyEvent: KeyEvent { action=ACTION_DOWN, keyCode=KEYCODE_BACK, scanCode=0, metaState=0, flags=0x0, repeatCount=0, eventTime=4205058930, downTime=4205058930, deviceId=-1, source=0x101 }" 19006 231
I "06-01 19:07:07.329" 19006 "Input   " "injectKeyEvent: KeyEvent { action=ACTION_UP, keyCode=KEYCODE_BACK, scanCode=0, metaState=0, flags=0x0, repeatCount=0, eventTime=4205058930, downTime=4205058930, deviceId=-1, source=0x101 }" 19006 232
D "06-01 19:07:07.368" 19006 AndroidRuntime "Shutting down VM" 19006 233
D "06-01 19:07:07.368" 19006 dalvikvm "GC_CONCURRENT freed 99K, 19% free 455K/556K, paused 0ms+1ms, total 3ms" 19010 234
D "06-01 19:07:07.837" 19018 AndroidRuntime  19018 235
D "06-01 19:07:07.837" 19018 AndroidRuntime ">>>>>> AndroidRuntime START com.android.internal.os.RuntimeInit <<<<<<" 19018 236
D "06-01 19:07:07.837" 19018 AndroidRuntime "CheckJNI is OFF" 19018 237
D "06-01 19:07:07.844" 19018 dalvikvm "Trying to load lib libjavacore.so 0x0" 19018 238
D "06-01 19:07:07.844" 19018 dalvikvm "Added shared lib libjavacore.so 0x0" 19018 239
D "06-01 19:07:07.852" 19018 dalvikvm "Trying to load lib libnativehelper.so 0x0" 19018 240
D "06-01 19:07:07.852" 19018 dalvikvm "Added shared lib libnativehelper.so 0x0" 19018 241
D "06-01 19:07:07.993" 19018 AndroidRuntime "Calling main entry com.android.commands.input.Input" 19018 242
I "06-01 19:07:08.001" 19018 "Input   " "injectKeyEvent: KeyEvent { action=ACTION_DOWN, keyCode=KEYCODE_BACK, scanCode=0, metaState=0, flags=0x0, repeatCount=0, eventTime=4205059634, downTime=4205059634, deviceId=-1, source=0x101 }" 19018 243
I "06-01 19:07:08.024" 19018 "Input   " "injectKeyEvent: KeyEvent { action=ACTION_UP, keyCode=KEYCODE_BACK, scanCode=0, metaState=0, flags=0x0, repeatCount=0, eventTime=4205059634, downTime=4205059634, deviceId=-1, source=0x101 }" 19018 244
D "06-01 19:07:08.063" 19018 AndroidRuntime "Shutting down VM" 19018 245
D "06-01 19:07:08.063" 19018 dalvikvm "GC_CONCURRENT freed 99K, 19% free 455K/556K, paused 0ms+0ms, total 4ms" 19023 246
D "06-01 19:07:08.493" 19031 AndroidRuntime  19031 247
D "06-01 19:07:08.493" 19031 AndroidRuntime ">>>>>> AndroidRuntime START com.android.internal.os.RuntimeInit <<<<<<" 19031 248
D "06-01 19:07:08.493" 19031 AndroidRuntime "CheckJNI is OFF" 19031 249
D "06-01 19:07:08.508" 19031 dalvikvm "Trying to load lib libjavacore.so 0x0" 19031 250
D "06-01 19:07:08.508" 19031 dalvikvm "Added shared lib libjavacore.so 0x0" 19031 251
D "06-01 19:07:08.516" 19031 dalvikvm "Trying to load lib libnativehelper.so 0x0" 19031 252
D "06-01 19:07:08.516" 19031 dalvikvm "Added shared lib libnativehelper.so 0x0" 19031 253
D "06-01 19:07:08.665" 19031 AndroidRuntime "Calling main entry com.android.commands.input.Input" 19031 254
I "06-01 19:07:08.665" 19031 "Input   " "injectKeyEvent: KeyEvent { action=ACTION_DOWN, keyCode=KEYCODE_BACK, scanCode=0, metaState=0, flags=0x0, repeatCount=0, eventTime=4205060301, downTime=4205060301, deviceId=-1, source=0x101 }" 19031 255
I "06-01 19:07:08.688" 19031 "Input   " "injectKeyEvent: KeyEvent { action=ACTION_UP, keyCode=KEYCODE_BACK, scanCode=0, metaState=0, flags=0x0, repeatCount=0, eventTime=4205060301, downTime=4205060301, deviceId=-1, source=0x101 }" 19031 256
D "06-01 19:07:08.727" 19031 AndroidRuntime "Shutting down VM" 19031 257
D "06-01 19:07:08.727" 19031 dalvikvm "GC_CONCURRENT freed 99K, 19% free 455K/556K, paused 0ms+1ms, total 3ms" 19035 258
D "06-01 19:07:09.227" 19046 AndroidRuntime  19046 259
D "06-01 19:07:09.227" 19046 AndroidRuntime ">>>>>> AndroidRuntime START com.android.internal.os.RuntimeInit <<<<<<" 19046 260
D "06-01 19:07:09.227" 19046 AndroidRuntime "CheckJNI is OFF" 19046 261
D "06-01 19:07:09.235" 19046 dalvikvm "Trying to load lib libjavacore.so 0x0" 19046 262
D "06-01 19:07:09.235" 19046 dalvikvm "Added shared lib libjavacore.so 0x0" 19046 263
D "06-01 19:07:09.243" 19046 dalvikvm "Trying to load lib libnativehelper.so 0x0" 19046 264
D "06-01 19:07:09.243" 19046 dalvikvm "Added shared lib libnativehelper.so 0x0" 19046 265
D "06-01 19:07:09.383" 19046 AndroidRuntime "Calling main entry com.android.commands.am.Am" 19046 266
D "06-01 19:07:09.383" 19046 dalvikvm "Note: class Landroid/app/ActivityManagerNative; has 156 unimplemented (abstract) methods" 19046 267
D "06-01 19:07:09.391" 19046 AndroidRuntime "Shutting down VM" 19046 268
I "06-01 19:07:09.399" 18830 APPTHWACK "Power up" 19056 269
D "06-01 19:07:09.399" 19046 dalvikvm "GC_CONCURRENT freed 97K, 17% free 496K/596K, paused 0ms+0ms, total 3ms" 19050 270
I "06-01 19:07:09.399" 18830 APPTHWACK "Unlock keyguard" 19056 271
I "06-01 19:07:09.399" 18830 APPTHWACK "Go to home" 19056 272
I "06-01 19:07:09.399" 25858 ActivityManager "START u0 {act=android.intent.action.MAIN cat=[android.intent.category.HOME] flg=0x10000000 cmp=com.android.launcher/com.android.launcher2.Launcher} from pid 18830" 8321 273
I "06-01 19:07:09.407" 18830 APPTHWACK "WiFi on" 19056 274
I "06-01 19:07:09.407" 18830 APPTHWACK "Disable airplane mode" 19056 275
W "06-01 19:07:09.407" 18830 Settings "Setting airplane_mode_on has moved from android.provider.Settings.System to android.provider.Settings.Global, value is unchanged." 19056 276
I "06-01 19:07:09.407" 18830 APPTHWACK "Connecting to WiFi" 19056 277
W "06-01 19:07:09.407" 26159 Settings "Setting airplane_mode_on has moved from android.provider.Settings.System to android.provider.Settings.Global, returning read-only value." 26159 278
W "06-01 19:07:09.407" 18289 Settings "Setting airplane_mode_on has moved from android.provider.Settings.System to android.provider.Settings.Global, returning read-only value." 18289 279
W "06-01 19:07:09.407" 4211 Settings "Setting airplane_mode_on has moved from android.provider.Settings.System to android.provider.Settings.Global, returning read-only value." 4211 280
W "06-01 19:07:09.407" 26154 Settings "Setting airplane_mode_on has moved from android.provider.Settings.System to android.provider.Settings.Global, returning read-only value." 26154 281
D "06-01 19:07:09.407" 25858 BluetoothManagerService "Message: 1" 25931 282
D "06-01 19:07:09.407" 25858 BluetoothManagerService "MESSAGE_ENABLE: mBluetooth = android.bluetooth.IBluetooth$Stub$Proxy@4308bfa0" 25931 283
I "06-01 19:07:09.415" 29601 BluetoothAdapterState "Bluetooth already ON, ignoring USER_TURN_ON" 29619 284
D "06-01 19:07:09.813" 19060 AndroidRuntime  19060 285
D "06-01 19:07:09.813" 19060 AndroidRuntime ">>>>>> AndroidRuntime START com.android.internal.os.RuntimeInit <<<<<<" 19060 286
D "06-01 19:07:09.813" 19060 AndroidRuntime "CheckJNI is OFF" 19060 287
D "06-01 19:07:09.821" 19060 dalvikvm "Trying to load lib libjavacore.so 0x0" 19060 288
D "06-01 19:07:09.821" 19060 dalvikvm "Added shared lib libjavacore.so 0x0" 19060 289
D "06-01 19:07:09.829" 19060 dalvikvm "Trying to load lib libnativehelper.so 0x0" 19060 290
D "06-01 19:07:09.829" 19060 dalvikvm "Added shared lib libnativehelper.so 0x0" 19060 291
D "06-01 19:07:09.969" 19060 AndroidRuntime "Calling main entry com.android.commands.am.Am" 19060 292
D "06-01 19:07:09.969" 19060 dalvikvm "Note: class Landroid/app/ActivityManagerNative; has 156 unimplemented (abstract) methods" 19060 293
I "06-01 19:07:09.969" 25858 ActivityManager "START u0 {flg=0x10000000 cmp=com.trellis.appthwackdevicemanager/.RotatePortrait} from pid 19060" 26091 294
D "06-01 19:07:10.024" 19060 AndroidRuntime "Shutting down VM" 19060 295
D "06-01 19:07:10.024" 19060 dalvikvm "GC_CONCURRENT freed 97K, 17% free 493K/592K, paused 0ms+1ms, total 3ms" 19064 296
W "06-01 19:07:10.118" 25858 InputMethodManagerService "Window already focused, ignoring focus gain of: com.android.internal.view.IInputMethodClient$Stub$Proxy@43a86e80 attribute=null, token = android.os.BinderProxy@431a04c0" 25869 297
D "06-01 19:07:13.454" 19073 AndroidRuntime  19073 298
D "06-01 19:07:13.454" 19073 AndroidRuntime ">>>>>> AndroidRuntime START com.android.internal.os.RuntimeInit <<<<<<" 19073 299
D "06-01 19:07:13.454" 19073 AndroidRuntime "CheckJNI is OFF" 19073 300
D "06-01 19:07:13.462" 19073 dalvikvm "Trying to load lib libjavacore.so 0x0" 19073 301
D "06-01 19:07:13.462" 19073 dalvikvm "Added shared lib libjavacore.so 0x0" 19073 302
D "06-01 19:07:13.469" 19073 dalvikvm "Trying to load lib libnativehelper.so 0x0" 19073 303
D "06-01 19:07:13.469" 19073 dalvikvm "Added shared lib libnativehelper.so 0x0" 19073 304
D "06-01 19:07:13.602" 19073 AndroidRuntime "Calling main entry com.android.commands.am.Am" 19073 305
D "06-01 19:07:13.602" 19073 dalvikvm "Note: class Landroid/app/ActivityManagerNative; has 156 unimplemented (abstract) methods" 19073 306
I "06-01 19:07:13.610" 19073 AndroidRuntime "VM exiting with result code 1." 19073 307
I "06-01 19:07:14.313" 25858 ActivityManager "No longer want com.android.keychain (pid 18512): empty #17" 26123 308
D "06-01 19:07:15.352" 19112 AndroidRuntime  19112 309
D "06-01 19:07:15.352" 19112 AndroidRuntime ">>>>>> AndroidRuntime START com.android.internal.os.RuntimeInit <<<<<<" 19112 310
D "06-01 19:07:15.352" 19112 AndroidRuntime "CheckJNI is OFF" 19112 311
D "06-01 19:07:15.368" 19112 dalvikvm "Trying to load lib libjavacore.so 0x0" 19112 312
D "06-01 19:07:15.368" 19112 dalvikvm "Added shared lib libjavacore.so 0x0" 19112 313
D "06-01 19:07:15.376" 19112 dalvikvm "Trying to load lib libnativehelper.so 0x0" 19112 314
D "06-01 19:07:15.376" 19112 dalvikvm "Added shared lib libnativehelper.so 0x0" 19112 315
D "06-01 19:07:15.516" 19112 AndroidRuntime "Calling main entry com.android.commands.am.Am" 19112 316
D "06-01 19:07:15.516" 19112 dalvikvm "Note: class Landroid/app/ActivityManagerNative; has 156 unimplemented (abstract) methods" 19112 317
I "06-01 19:07:15.524" 25858 ActivityManager "Force stopping package com.trellis.HelloTrellis appid=10121 user=0" 25867 318
I "06-01 19:07:15.524" 25858 ActivityManager "Killing proc 18897:com.trellis.process/u0a10121: force stop com.trellis.HelloTrellis" 25867 319
I "06-01 19:07:15.532" 25858 ActivityManager "Start proc com.trellis.process for added application com.trellis.process: pid=19122 uid=10121 gids={50121, 1015, 1028}" 25867 320
I "06-01 19:07:15.540" 19122 dalvikvm "Turning on JNI app bug workarounds for target SDK version 10..." 19122 321
W "06-01 19:07:15.594" 19122 dalvikvm "method Landroid/test/InstrumentationTestRunner$StringResultPrinter;.print incorrectly overrides package-private method with same name in Ljunit/textui/ResultPrinter;" 19134 322
I "06-01 19:07:15.594" 19122 TestRunner "started: testApp(com.appthwack.test.AppThwackExplorerTest)" 19134 323
D "06-01 19:07:15.594" 19122 APPTHWACK "Test setup" 19134 324
I "06-01 19:07:15.602" 25858 ActivityManager "START u0 {act=android.intent.action.MAIN flg=0x10000000 cmp=com.trellis.HelloTrellis/.HelloTrellisActivity} from pid 19122" 26091 325
D "06-01 19:07:15.672" 19122 AndroidRuntime "Shutting down VM" 19122 326
W "06-01 19:07:15.672" 19122 dalvikvm "threadid=1: thread exiting with uncaught exception (group=0x41fcf930)" 19122 327
E "06-01 19:07:15.680" 19122 AndroidRuntime "FATAL EXCEPTION: main" 19122 328
E "06-01 19:07:15.680" 19122 AndroidRuntime "java.lang.RuntimeException: Unable to start activity ComponentInfo{com.trellis.HelloTrellis/com.trellis.HelloTrellis.HelloTrellisActivity}: java.lang.ArithmeticException: divide by zero" 19122 329
E "06-01 19:07:15.680" 19122 AndroidRuntime "	at android.app.ActivityThread.performLaunchActivity(ActivityThread.java:2180)" 19122 330
E "06-01 19:07:15.680" 19122 AndroidRuntime "	at android.app.ActivityThread.handleLaunchActivity(ActivityThread.java:2230)" 19122 331
E "06-01 19:07:15.680" 19122 AndroidRuntime "	at android.app.ActivityThread.access$600(ActivityThread.java:141)" 19122 332
E "06-01 19:07:15.680" 19122 AndroidRuntime "	at android.app.ActivityThread$H.handleMessage(ActivityThread.java:1234)" 19122 333
E "06-01 19:07:15.680" 19122 AndroidRuntime "	at android.os.Handler.dispatchMessage(Handler.java:99)" 19122 334
E "06-01 19:07:15.680" 19122 AndroidRuntime "	at android.os.Looper.loop(Looper.java:137)" 19122 335
E "06-01 19:07:15.680" 19122 AndroidRuntime "	at android.app.ActivityThread.main(ActivityThread.java:5039)" 19122 336
E "06-01 19:07:15.680" 19122 AndroidRuntime "	at java.lang.reflect.Method.invokeNative(Native Method)" 19122 337
E "06-01 19:07:15.680" 19122 AndroidRuntime "	at java.lang.reflect.Method.invoke(Method.java:511)" 19122 338
E "06-01 19:07:15.680" 19122 AndroidRuntime "	at com.android.internal.os.ZygoteInit$MethodAndArgsCaller.run(ZygoteInit.java:793)" 19122 339
E "06-01 19:07:15.680" 19122 AndroidRuntime "	at com.android.internal.os.ZygoteInit.main(ZygoteInit.java:560)" 19122 340
E "06-01 19:07:15.680" 19122 AndroidRuntime "	at dalvik.system.NativeStart.main(Native Method)" 19122 341
E "06-01 19:07:15.680" 19122 AndroidRuntime "Caused by: java.lang.ArithmeticException: divide by zero" 19122 342
E "06-01 19:07:15.680" 19122 AndroidRuntime "	at com.trellis.HelloTrellis.HelloTrellisActivity.onCreate(HelloTrellisActivity.java:14)" 19122 343
E "06-01 19:07:15.680" 19122 AndroidRuntime "	at android.app.Activity.performCreate(Activity.java:5104)" 19122 344
E "06-01 19:07:15.680" 19122 AndroidRuntime "	at android.app.Instrumentation.callActivityOnCreate(Instrumentation.java:1080)" 19122 345
E "06-01 19:07:15.680" 19122 AndroidRuntime "	at android.app.ActivityThread.performLaunchActivity(ActivityThread.java:2144)" 19122 346
E "06-01 19:07:15.680" 19122 AndroidRuntime "	... 11 more" 19122 347
D "06-01 19:07:15.688" 19112 AndroidRuntime "Shutting down VM" 19112 348
W "06-01 19:07:15.688" 25858 ActivityManager "Error in app com.trellis.process running instrumentation ComponentInfo{com.appthwack.test/com.appthwack.test.AppThwackInstrumentationTestRunner}:" 4831 349
W "06-01 19:07:15.688" 25858 ActivityManager "  java.lang.ArithmeticException" 4831 350
W "06-01 19:07:15.688" 25858 ActivityManager "  java.lang.ArithmeticException: divide by zero" 4831 351
D "06-01 19:07:15.696" 19112 dalvikvm "GC_CONCURRENT freed 104K, 19% free 465K/572K, paused 0ms+0ms, total 5ms" 19116 352
D "06-01 19:07:15.829" 26182 dalvikvm "GC_CONCURRENT freed 3027K, 41% free 18037K/30140K, paused 4ms+8ms, total 48ms" 26187 353
I "06-01 19:07:15.915" 25858 ActivityManager "Force stopping package com.trellis.HelloTrellis appid=10121 user=0" 4831 354
I "06-01 19:07:15.915" 25858 ActivityManager "Killing proc 19122:com.trellis.process/u0a10121: force stop com.trellis.HelloTrellis" 4831 355
I "06-01 19:07:15.915" 25858 ActivityManager "  Force finishing activity ActivityRecord{42dcf7d0 u0 com.trellis.HelloTrellis/.HelloTrellisActivity}" 4831 356
W "06-01 19:07:16.024" 25858 InputMethodManagerService "Window already focused, ignoring focus gain of: com.android.internal.view.IInputMethodClient$Stub$Proxy@43f00ee0 attribute=null, token = android.os.BinderProxy@431a04c0" 26203 357
D "06-01 19:07:16.774" 25858 LightsService "Excessive delay setting light: 68ms" 27979 358
D "06-01 19:07:19.258" 19163 AndroidRuntime  19163 359
D "06-01 19:07:19.258" 19163 AndroidRuntime ">>>>>> AndroidRuntime START com.android.internal.os.RuntimeInit <<<<<<" 19163 360
D "06-01 19:07:19.258" 19163 AndroidRuntime "CheckJNI is OFF" 19163 361
D "06-01 19:07:19.266" 19163 dalvikvm "Trying to load lib libjavacore.so 0x0" 19163 362
D "06-01 19:07:19.274" 19163 dalvikvm "Added shared lib libjavacore.so 0x0" 19163 363
D "06-01 19:07:19.274" 19163 dalvikvm "Trying to load lib libnativehelper.so 0x0" 19163 364
D "06-01 19:07:19.274" 19163 dalvikvm "Added shared lib libnativehelper.so 0x0" 19163 365
D "06-01 19:07:19.407" 19163 AndroidRuntime "Calling main entry com.android.commands.pm.Pm" 19163 366
I "06-01 19:07:19.407" 25858 PackageManager "Removing non-system package:com.appthwack.test" 25883 367
I "06-01 19:07:19.407" 25858 ActivityManager "Force stopping package com.appthwack.test appid=10122 user=-1" 25877 368
W "06-01 19:07:19.415" 25858 PackageManager "Couldn't delete native library directory /data/app-lib/com.appthwack.test" 25883 369
I "06-01 19:07:19.524" 25858 ActivityManager "Force stopping package com.appthwack.test appid=10122 user=0" 25883 370
D "06-01 19:07:19.540" 25858 PackageManager "generateServicesMap() for 0" 25874 371
D "06-01 19:07:19.555" 25858 DevicePolicyManagerService "Handling package changes for user 0" 25874 372
D "06-01 19:07:19.555" 25858 PackageManager "generateServicesMap() for 0" 25874 373
I "06-01 19:07:19.571" 25858 InputReader "Reconfiguring input devices.  changes=0x00000010" 25930 374
I "06-01 19:07:19.571" 26124 ActivityThread "Acquiring provider com.android.inputmethod.latin.dictionarypack for user 0: existing object's process dead" 19173 375
I "06-01 19:07:19.672" 25858 ActivityManager "Start proc com.google.android.inputmethod.latin.dictionarypack for content provider com.google.android.inputmethod.latin.dictionarypack/.DictionaryProvider: pid=19174 uid=10026 gids={50026, 3003, 1015, 1028}" 26095 376
I "06-01 19:07:19.696" 26159 RegisteredComponentCache "ComponentInfo: ResolveInfo{4287c1d8 com.android.apps.tag.TagViewer p=0 o=0 m=0x108000}, techs: android.nfc.tech.Ndef," 26159 377
D "06-01 19:07:19.696" 18479 VoicemailCleanupService "Cleaning up data for package: com.appthwack.test" 19186 378
I "06-01 19:07:19.719" 19174 ActivityThread "Pub com.android.inputmethod.latin.dictionarypack: com.google.android.inputmethod.latin.dictionarypack.DictionaryProvider" 19174 379
W "06-01 19:07:19.727" 26124 ActivityThread "Content provider com.google.android.inputmethod.latin.dictionarypack.DictionaryProvider already published as com.android.inputmethod.latin.dictionarypack" 19173 380
I "06-01 19:07:19.758" 26124 ActivityThread "Acquiring provider com.android.inputmethod.latin.dictionarypack for user 0: existing object's process dead" 19173 381
I "06-01 19:07:19.774" 25858 ActivityManager "Start proc com.android.keychain for broadcast com.android.keychain/.KeyChainBroadcastReceiver: pid=19189 uid=1000 gids={41000, 1015, 1028, 3002, 3001, 3003, 3007}" 27744 382
E "06-01 19:07:19.797" 26124 BinaryDictionaryGetter "Found a cached dictionary file but cannot read or use it" 19173 383
E "06-01 19:07:19.797" 26124 BinaryDictionaryGetter "Found a cached dictionary file but cannot read or use it" 19173 384
W "06-01 19:07:19.829" 19189 ApplicationContext "Calling a method in the system process without a qualified user: android.app.ContextImpl.startService:1352 android.content.ContextWrapper.startService:450 android.content.ContextWrapper.startService:450" 19189 385
I "06-01 19:07:20.047" 25858 ActivityManager "No longer want com.google.android.gsf.login (pid 18613): empty #17" 26203 386
D "06-01 19:07:20.079" 25858 dalvikvm "GC_EXPLICIT freed 3893K, 17% free 66926K/79948K, paused 17ms+22ms, total 452ms" 25883 387
D "06-01 19:07:20.102" 19163 AndroidRuntime "Shutting down VM" 19163 388
D "06-01 19:07:20.102" 19163 dalvikvm "GC_CONCURRENT freed 95K, 18% free 458K/556K, paused 0ms+0ms, total 3ms" 19167 389
