    "--------- beginning of /dev/log/main"  1
D "06-02 02:22:25.892" 12458 AndroidRuntime  12458 2
D "06-02 02:22:25.892" 12458 AndroidRuntime ">>>>>> AndroidRuntime START com.android.internal.os.RuntimeInit <<<<<<" 12458 3
D "06-02 02:22:25.892" 12458 AndroidRuntime "CheckJNI is OFF" 12458 4
D "06-02 02:22:26.082" 12458 AndroidRuntime "Calling main entry com.android.commands.input.Input" 12458 5
I "06-02 02:22:26.082" 12458 SendKeyEvent 4 12458 6
D "06-02 02:22:26.082" 322 lights-module "buttons: Color ffc4c4c4, BrMode 0, OnMS 0, OffMS 0, Mode 0" 417 7
D "06-02 02:22:26.082" 322 lights-module "backlight: Color ff1f1f1f, BrMode 1, OnMS 0, OffMS 0, Mode 0" 405 8
D "06-02 02:22:26.082" 144 "lights  " "set_led: set_led=buttons" 144 9
D "06-02 02:22:26.082" 144 "lights  " "set_light_buttons: color=0xffc4c4c4, mode=0" 144 10
D "06-02 02:22:26.082" 144 "lights  " "get_selected_button_state: target=1, color=0xffc4c4c4, mode=0" 144 11
D "06-02 02:22:26.092" 144 "lights  " "set_led: set_led=backlight" 144 12
D "06-02 02:22:26.092" 144 "lights  " "set_light_backlight: brightness=31" 144 13
D "06-02 02:22:26.092" 144 "lights  " "[illumination_thread] fade ctrl info:3" 158 14
D "06-02 02:22:26.092" 12458 AndroidRuntime "Shutting down VM" 12458 15
D "06-02 02:22:26.092" 12458 dalvikvm "GC_CONCURRENT freed 96K, 90% free 448K/4096K, paused 0ms+0ms" 12462 16
I "06-02 02:22:26.092" 12458 AndroidRuntime "NOTE: attach of thread 'Binder Thread #1' failed" 12466 17
D "06-02 02:22:26.102" 322 lights-module "backlight: Color ff2b2b2b, BrMode 1, OnMS 0, OffMS 0, Mode 0" 405 18
D "06-02 02:22:26.102" 144 "lights  " "set_led: set_led=backlight" 144 19
D "06-02 02:22:26.102" 144 "lights  " "set_light_backlight: brightness=43" 144 20
D "06-02 02:22:26.122" 322 lights-module "backlight: Color ff373737, BrMode 1, OnMS 0, OffMS 0, Mode 0" 405 21
D "06-02 02:22:26.122" 144 "lights  " "set_led: set_led=backlight" 144 22
D "06-02 02:22:26.122" 144 "lights  " "set_light_backlight: brightness=55" 144 23
D "06-02 02:22:26.132" 322 lights-module "backlight: Color ff424242, BrMode 1, OnMS 0, OffMS 0, Mode 0" 405 24
D "06-02 02:22:26.132" 144 "lights  " "set_led: set_led=backlight" 144 25
D "06-02 02:22:26.132" 144 "lights  " "set_light_backlight: brightness=66" 144 26
D "06-02 02:22:26.152" 322 lights-module "backlight: Color ff4e4e4e, BrMode 1, OnMS 0, OffMS 0, Mode 0" 405 27
D "06-02 02:22:26.152" 144 "lights  " "set_led: set_led=backlight" 144 28
D "06-02 02:22:26.152" 144 "lights  " "set_light_backlight: brightness=78" 144 29
D "06-02 02:22:26.172" 322 lights-module "backlight: Color ff5a5a5a, BrMode 1, OnMS 0, OffMS 0, Mode 0" 405 30
D "06-02 02:22:26.172" 144 "lights  " "set_led: set_led=backlight" 144 31
D "06-02 02:22:26.172" 144 "lights  " "set_light_backlight: brightness=90" 144 32
D "06-02 02:22:26.182" 322 lights-module "backlight: Color ff666666, BrMode 1, OnMS 0, OffMS 0, Mode 0" 405 33
D "06-02 02:22:26.182" 144 "lights  " "set_led: set_led=backlight" 144 34
D "06-02 02:22:26.182" 144 "lights  " "set_light_backlight: brightness=102" 144 35
D "06-02 02:22:26.202" 322 lights-module "backlight: Color ff717171, BrMode 1, OnMS 0, OffMS 0, Mode 0" 405 36
D "06-02 02:22:26.202" 144 "lights  " "set_led: set_led=backlight" 144 37
D "06-02 02:22:26.202" 144 "lights  " "set_light_backlight: brightness=113" 144 38
D "06-02 02:22:26.212" 322 lights-module "backlight: Color ff7d7d7d, BrMode 1, OnMS 0, OffMS 0, Mode 0" 405 39
D "06-02 02:22:26.212" 144 "lights  " "set_led: set_led=backlight" 144 40
D "06-02 02:22:26.212" 144 "lights  " "set_light_backlight: brightness=125" 144 41
D "06-02 02:22:26.232" 322 lights-module "backlight: Color ff898989, BrMode 1, OnMS 0, OffMS 0, Mode 0" 405 42
D "06-02 02:22:26.232" 144 "lights  " "set_led: set_led=backlight" 144 43
D "06-02 02:22:26.232" 144 "lights  " "set_light_backlight: brightness=137" 144 44
D "06-02 02:22:26.252" 322 lights-module "backlight: Color ff959595, BrMode 1, OnMS 0, OffMS 0, Mode 0" 405 45
D "06-02 02:22:26.252" 144 "lights  " "set_led: set_led=backlight" 144 46
D "06-02 02:22:26.252" 144 "lights  " "set_light_backlight: brightness=149" 144 47
D "06-02 02:22:26.262" 322 lights-module "backlight: Color ffa0a0a0, BrMode 1, OnMS 0, OffMS 0, Mode 0" 405 48
D "06-02 02:22:26.262" 144 "lights  " "set_led: set_led=backlight" 144 49
D "06-02 02:22:26.262" 144 "lights  " "set_light_backlight: brightness=160" 144 50
D "06-02 02:22:26.282" 322 lights-module "backlight: Color ffacacac, BrMode 1, OnMS 0, OffMS 0, Mode 0" 405 51
D "06-02 02:22:26.282" 144 "lights  " "set_led: set_led=backlight" 144 52
D "06-02 02:22:26.282" 144 "lights  " "set_light_backlight: brightness=172" 144 53
D "06-02 02:22:26.302" 322 lights-module "backlight: Color ffb8b8b8, BrMode 1, OnMS 0, OffMS 0, Mode 0" 405 54
D "06-02 02:22:26.302" 144 "lights  " "set_led: set_led=backlight" 144 55
D "06-02 02:22:26.302" 144 "lights  " "set_light_backlight: brightness=184" 144 56
D "06-02 02:22:26.312" 322 lights-module "backlight: Color ffc4c4c4, BrMode 1, OnMS 0, OffMS 0, Mode 0" 405 57
D "06-02 02:22:26.312" 144 "lights  " "set_led: set_led=backlight" 144 58
D "06-02 02:22:26.312" 144 "lights  " "set_light_backlight: brightness=196" 144 59
D "06-02 02:22:26.552" 12469 AndroidRuntime  12469 60
D "06-02 02:22:26.552" 12469 AndroidRuntime ">>>>>> AndroidRuntime START com.android.internal.os.RuntimeInit <<<<<<" 12469 61
D "06-02 02:22:26.552" 12469 AndroidRuntime "CheckJNI is OFF" 12469 62
D "06-02 02:22:26.762" 12469 AndroidRuntime "Calling main entry com.android.commands.input.Input" 12469 63
I "06-02 02:22:26.762" 12469 SendKeyEvent 4 12469 64
D "06-02 02:22:26.762" 12469 AndroidRuntime "Shutting down VM" 12469 65
D "06-02 02:22:26.762" 12469 dalvikvm "GC_CONCURRENT freed 96K, 90% free 448K/4096K, paused 1ms+0ms" 12473 66
I "06-02 02:22:26.772" 12469 AndroidRuntime "NOTE: attach of thread 'Binder Thread #1' failed" 12477 67
D "06-02 02:22:27.232" 12480 AndroidRuntime  12480 68
D "06-02 02:22:27.232" 12480 AndroidRuntime ">>>>>> AndroidRuntime START com.android.internal.os.RuntimeInit <<<<<<" 12480 69
D "06-02 02:22:27.232" 12480 AndroidRuntime "CheckJNI is OFF" 12480 70
    "--------- beginning of /dev/log/system"  71
I "06-02 02:22:27.342" 322 ActivityManager "Start proc com.sonyericsson.wappush for service com.sonyericsson.wappush/.transaction.SemcWapPushManagerHelper: pid=12488 uid=10121 gids={}" 375 72
I "06-02 02:22:27.402" 12488 ActivityThread "Pub com.sonyericsson.wappush.provider: com.sonyericsson.wappush.provider.PushProvider" 12488 73
D "06-02 02:22:27.422" 579 CustomizationProvider "openFile -- START uri=content://com.sonyericsson.provider.customization/settings/com.sonyericsson.wappush" 592 74
I "06-02 02:22:27.422" 579 CustomizationProvider "No configuration file: /system/etc/customization/settings/com/sonyericsson/wappush/custom_settings.xml" 592 75
W "06-02 02:22:27.422" 322 ActivityManager "Unable to start service Intent { act=com.android.internal.telephony.IWapPushManager }: not found" 322 76
D "06-02 02:22:27.482" 12480 AndroidRuntime "Calling main entry com.android.commands.input.Input" 12480 77
I "06-02 02:22:27.482" 12480 SendKeyEvent 4 12480 78
D "06-02 02:22:27.482" 12480 AndroidRuntime "Shutting down VM" 12480 79
D "06-02 02:22:27.492" 12480 dalvikvm "GC_CONCURRENT freed 96K, 90% free 448K/4096K, paused 0ms+0ms" 12484 80
I "06-02 02:22:27.492" 12480 AndroidRuntime "NOTE: attach of thread 'Binder Thread #1' failed" 12501 81
D "06-02 02:22:27.932" 12504 AndroidRuntime  12504 82
D "06-02 02:22:27.932" 12504 AndroidRuntime ">>>>>> AndroidRuntime START com.android.internal.os.RuntimeInit <<<<<<" 12504 83
D "06-02 02:22:27.932" 12504 AndroidRuntime "CheckJNI is OFF" 12504 84
D "06-02 02:22:28.122" 12504 AndroidRuntime "Calling main entry com.android.commands.input.Input" 12504 85
I "06-02 02:22:28.122" 12504 SendKeyEvent 4 12504 86
D "06-02 02:22:28.132" 12504 AndroidRuntime "Shutting down VM" 12504 87
D "06-02 02:22:28.132" 12504 dalvikvm "GC_CONCURRENT freed 96K, 90% free 448K/4096K, paused 0ms+0ms" 12508 88
I "06-02 02:22:28.132" 12504 AndroidRuntime "NOTE: attach of thread 'Binder Thread #1' failed" 12512 89
D "06-02 02:22:28.562" 12515 AndroidRuntime  12515 90
D "06-02 02:22:28.562" 12515 AndroidRuntime ">>>>>> AndroidRuntime START com.android.internal.os.RuntimeInit <<<<<<" 12515 91
D "06-02 02:22:28.562" 12515 AndroidRuntime "CheckJNI is OFF" 12515 92
D "06-02 02:22:28.772" 12515 AndroidRuntime "Calling main entry com.android.commands.input.Input" 12515 93
I "06-02 02:22:28.772" 12515 SendKeyEvent 4 12515 94
D "06-02 02:22:28.772" 12515 AndroidRuntime "Shutting down VM" 12515 95
D "06-02 02:22:28.782" 12515 dalvikvm "GC_CONCURRENT freed 96K, 90% free 448K/4096K, paused 0ms+0ms" 12519 96
I "06-02 02:22:28.782" 12515 AndroidRuntime "NOTE: attach of thread 'Binder Thread #1' failed" 12524 97
D "06-02 02:22:29.322" 12530 AndroidRuntime  12530 98
D "06-02 02:22:29.322" 12530 AndroidRuntime ">>>>>> AndroidRuntime START com.android.internal.os.RuntimeInit <<<<<<" 12530 99
D "06-02 02:22:29.322" 12530 AndroidRuntime "CheckJNI is OFF" 12530 100
D "06-02 02:22:29.522" 12530 AndroidRuntime "Calling main entry com.android.commands.am.Am" 12530 101
D "06-02 02:22:29.542" 12530 AndroidRuntime "Shutting down VM" 12530 102
D "06-02 02:22:29.542" 12530 dalvikvm "GC_CONCURRENT freed 99K, 89% free 483K/4096K, paused 0ms+1ms" 12534 103
I "06-02 02:22:29.542" 322 ActivityManager "Start proc com.trellis.appthwackdevicemanager for service com.trellis.appthwackdevicemanager/.Wake: pid=12539 uid=10167 gids={1015}" 635 104
I "06-02 02:22:29.552" 12539 dalvikvm "Turning on JNI app bug workarounds for target SDK version 3..." 12539 105
I "06-02 02:22:29.582" 12539 APPTHWACK "Power up" 12552 106
I "06-02 02:22:29.632" 12539 APPTHWACK "Unlock keyguard" 12552 107
I "06-02 02:22:29.632" 12539 APPTHWACK "Go to home" 12552 108
W "06-02 02:22:29.632" 322 BackupManagerService "dataChanged but no participant pkg='com.android.providers.settings' uid=10167" 333 109
I "06-02 02:22:29.632" 322 ActivityManager "START {act=android.intent.action.MAIN cat=[android.intent.category.HOME] flg=0x10000000 cmp=com.sonyericsson.home/.HomeActivity} from pid 12539" 693 110
I "06-02 02:22:29.642" 12539 APPTHWACK "WiFi on" 12552 111
I "06-02 02:22:29.642" 12539 APPTHWACK "Disable airplane mode" 12552 112
D "06-02 02:22:29.652" 322 BluetoothAdapterStateMachine "BluetoothOn process message: 56" 422 113
W "06-02 02:22:29.652" 322 BluetoothAdapterStateMachine "BluetoothOn received: 56" 422 114
I "06-02 02:22:29.652" 12539 APPTHWACK "Connecting to WiFi" 12552 115
E "06-02 02:22:29.672" 752 "        " "glEndTilingQCOM: 0x502" 752 116
D "06-02 02:22:29.682" 322 FmReceiverService onReceive:ACTION_AIRPLANE_MODE_CHANGED 374 117
D "06-02 02:22:29.682" 322 FmTransmitterService onReceive:ACTION_AIRPLANE_MODE_CHANGED 374 118
E "06-02 02:22:29.712" 752 "        " "glEndTilingQCOM: 0x502" 752 119
D "06-02 02:22:29.942" 12555 AndroidRuntime  12555 120
D "06-02 02:22:29.942" 12555 AndroidRuntime ">>>>>> AndroidRuntime START com.android.internal.os.RuntimeInit <<<<<<" 12555 121
D "06-02 02:22:29.942" 12555 AndroidRuntime "CheckJNI is OFF" 12555 122
D "06-02 02:22:30.202" 12555 AndroidRuntime "Calling main entry com.android.commands.am.Am" 12555 123
I "06-02 02:22:30.212" 322 ActivityManager "START {flg=0x10000000 cmp=com.trellis.appthwackdevicemanager/.RotatePortrait} from pid 12555" 652 124
E "06-02 02:22:30.232" 752 "        " "glEndTilingQCOM: 0x502" 752 125
D "06-02 02:22:30.252" 12555 AndroidRuntime "Shutting down VM" 12555 126
D "06-02 02:22:30.262" 12555 dalvikvm "GC_CONCURRENT freed 99K, 89% free 483K/4096K, paused 1ms+1ms" 12559 127
W "06-02 02:22:30.272" 322 InputManagerService "Window already focused, ignoring focus gain of: com.android.internal.view.IInputMethodClient$Stub$Proxy@41ee0e68" 19272 128
E "06-02 02:22:30.282" 752 "        " "glEndTilingQCOM: 0x502" 752 129
I "06-02 02:22:30.292" 322 UsageStats "Deleting usage file : usage-20130528" 12565 130
D "06-02 02:22:33.662" 12568 AndroidRuntime  12568 131
D "06-02 02:22:33.662" 12568 AndroidRuntime ">>>>>> AndroidRuntime START com.android.internal.os.RuntimeInit <<<<<<" 12568 132
D "06-02 02:22:33.662" 12568 AndroidRuntime "CheckJNI is OFF" 12568 133
D "06-02 02:22:33.872" 12568 AndroidRuntime "Calling main entry com.android.commands.am.Am" 12568 134
D "06-02 02:22:33.882" 12568 AndroidRuntime "Shutting down VM" 12568 135
D "06-02 02:22:33.882" 12568 dalvikvm "GC_CONCURRENT freed 99K, 89% free 483K/4096K, paused 0ms+1ms" 12572 136
I "06-02 02:22:33.882" 12539 APPTHWACK "ORIENTATION: 0" 12578 137
D "06-02 02:22:34.782" 322 lights-module "buttons: Color ff000000, BrMode 0, OnMS 0, OffMS 0, Mode 0" 406 138
D "06-02 02:22:34.782" 144 "lights  " "set_led: set_led=buttons" 144 139
D "06-02 02:22:34.782" 144 "lights  " "set_light_buttons: color=0xff000000, mode=0" 144 140
D "06-02 02:22:34.782" 144 "lights  " "get_selected_button_state: target=1, color=0xff000000, mode=0" 144 141
D "06-02 02:22:34.782" 144 "lights  " "[illumination_thread] fade ctrl info:2" 158 142
D "06-02 02:22:36.422" 12584 AndroidRuntime  12584 143
D "06-02 02:22:36.422" 12584 AndroidRuntime ">>>>>> AndroidRuntime START com.android.internal.os.RuntimeInit <<<<<<" 12584 144
D "06-02 02:22:36.422" 12584 AndroidRuntime "CheckJNI is OFF" 12584 145
D "06-02 02:22:36.622" 12584 AndroidRuntime "Calling main entry com.android.commands.pm.Pm" 12584 146
D "06-02 02:22:36.792" 12584 AndroidRuntime "Shutting down VM" 12584 147
D "06-02 02:22:36.792" 12584 dalvikvm "GC_CONCURRENT freed 485K, 89% free 462K/4096K, paused 1ms+0ms" 12588 148
I "06-02 02:22:37.352" 322 ActivityManager "Start proc com.android.bluetooth for service com.android.bluetooth/.opp.BluetoothOppService: pid=12594 uid=10003 gids={3003, 3002, 3001, 1015}" 375 149
I "06-02 02:22:37.422" 12594 ActivityThread "Pub com.android.bluetooth.opp: com.android.bluetooth.opp.BluetoothOppProvider" 12594 150
I "06-02 02:22:37.462" 12594 BtOppRfcommListener "Accept thread started on channel 12" 12609 151
D "06-02 02:22:38.842" 12614 AndroidRuntime  12614 152
D "06-02 02:22:38.842" 12614 AndroidRuntime ">>>>>> AndroidRuntime START com.android.internal.os.RuntimeInit <<<<<<" 12614 153
D "06-02 02:22:38.842" 12614 AndroidRuntime "CheckJNI is OFF" 12614 154
D "06-02 02:22:39.042" 12614 AndroidRuntime "Calling main entry com.android.commands.am.Am" 12614 155
I "06-02 02:22:39.052" 322 ActivityManager "START {flg=0x10000000 cmp=com.trellis.HelloTrellis/.HelloTrellisActivity} from pid 12614" 677 156
I "06-02 02:22:39.072" 322 UsageStats "No package stats for pkg:com.sonyericsson.home" 677 157
D "06-02 02:22:39.092" 134 memalloc "/dev/pmem: Allocated buffer base:0x426fa000 size:3768320 offset:9834496 fd:41" 17080 158
D "06-02 02:22:39.102" 322 memalloc "/dev/pmem: Mapped buffer base:0x64979000 size:13602816 offset:9834496 fd:340" 408 159
I "06-02 02:22:39.112" 134 Adreno200-EGLSUB "<CreateImage:893>: Android Image" 214 160
I "06-02 02:22:39.112" 134 Adreno200-EGLSUB "<GetImageAttributes:1158>: RGBX_8888" 214 161
D "06-02 02:22:39.112" 12614 AndroidRuntime "Shutting down VM" 12614 162
D "06-02 02:22:39.122" 12614 dalvikvm "GC_CONCURRENT freed 99K, 89% free 483K/4096K, paused 1ms+0ms" 12618 163
I "06-02 02:22:39.122" 322 ActivityManager "Start proc com.trellis.process for activity com.trellis.HelloTrellis/.HelloTrellisActivity: pid=12624 uid=10178 gids={1015}" 690 164
I "06-02 02:22:39.132" 12624 dalvikvm "Turning on JNI app bug workarounds for target SDK version 10..." 12624 165
D "06-02 02:22:39.142" 752 OpenGLRenderer "Flushing caches (mode 1)" 752 166
D "06-02 02:22:39.182" 12624 AndroidRuntime "Shutting down VM" 12624 167
W "06-02 02:22:39.182" 12624 dalvikvm "threadid=1: thread exiting with uncaught exception (group=0x40ad4210)" 12624 168
D "06-02 02:22:39.182" 752 OpenGLRenderer "Flushing caches (mode 0)" 752 169
E "06-02 02:22:39.182" 12624 AndroidRuntime "FATAL EXCEPTION: main" 12624 170
E "06-02 02:22:39.182" 12624 AndroidRuntime "java.lang.RuntimeException: Unable to start activity ComponentInfo{com.trellis.HelloTrellis/com.trellis.HelloTrellis.HelloTrellisActivity}: java.lang.ArithmeticException: divide by zero" 12624 171
E "06-02 02:22:39.182" 12624 AndroidRuntime "	at android.app.ActivityThread.performLaunchActivity(ActivityThread.java:1967)" 12624 172
E "06-02 02:22:39.182" 12624 AndroidRuntime "	at android.app.ActivityThread.handleLaunchActivity(ActivityThread.java:1992)" 12624 173
E "06-02 02:22:39.182" 12624 AndroidRuntime "	at android.app.ActivityThread.access$600(ActivityThread.java:127)" 12624 174
E "06-02 02:22:39.182" 12624 AndroidRuntime "	at android.app.ActivityThread$H.handleMessage(ActivityThread.java:1158)" 12624 175
E "06-02 02:22:39.182" 12624 AndroidRuntime "	at android.os.Handler.dispatchMessage(Handler.java:99)" 12624 176
E "06-02 02:22:39.182" 12624 AndroidRuntime "	at android.os.Looper.loop(Looper.java:137)" 12624 177
E "06-02 02:22:39.182" 12624 AndroidRuntime "	at android.app.ActivityThread.main(ActivityThread.java:4441)" 12624 178
E "06-02 02:22:39.182" 12624 AndroidRuntime "	at java.lang.reflect.Method.invokeNative(Native Method)" 12624 179
E "06-02 02:22:39.182" 12624 AndroidRuntime "	at java.lang.reflect.Method.invoke(Method.java:511)" 12624 180
E "06-02 02:22:39.182" 12624 AndroidRuntime "	at com.android.internal.os.ZygoteInit$MethodAndArgsCaller.run(ZygoteInit.java:823)" 12624 181
E "06-02 02:22:39.182" 12624 AndroidRuntime "	at com.android.internal.os.ZygoteInit.main(ZygoteInit.java:590)" 12624 182
E "06-02 02:22:39.182" 12624 AndroidRuntime "	at dalvik.system.NativeStart.main(Native Method)" 12624 183
E "06-02 02:22:39.182" 12624 AndroidRuntime "Caused by: java.lang.ArithmeticException: divide by zero" 12624 184
E "06-02 02:22:39.182" 12624 AndroidRuntime "	at com.trellis.HelloTrellis.HelloTrellisActivity.onCreate(HelloTrellisActivity.java:14)" 12624 185
E "06-02 02:22:39.182" 12624 AndroidRuntime "	at android.app.Activity.performCreate(Activity.java:4465)" 12624 186
E "06-02 02:22:39.182" 12624 AndroidRuntime "	at android.app.Instrumentation.callActivityOnCreate(Instrumentation.java:1049)" 12624 187
E "06-02 02:22:39.182" 12624 AndroidRuntime "	at android.app.ActivityThread.performLaunchActivity(ActivityThread.java:1931)" 12624 188
E "06-02 02:22:39.182" 12624 AndroidRuntime "	... 11 more" 12624 189
W "06-02 02:22:39.182" 322 ActivityManager "  Force finishing activity com.trellis.HelloTrellis/.HelloTrellisActivity" 652 190
D "06-02 02:22:39.192" 752 memalloc "/dev/pmem: Unmapping buffer base:0x5e6a7000 size:24625152 offset:20856832" 752 191
D "06-02 02:22:39.192" 752 memalloc "/dev/pmem: Unmapping buffer base:0x5d67b000 size:3768320 offset:0" 752 192
D "06-02 02:22:39.192" 752 memalloc "/dev/pmem: Unmapping buffer base:0x6178c000 size:44773376 offset:41005056" 752 193
D "06-02 02:22:39.232" 134 memalloc "/dev/pmem: Freeing buffer base:0x43ade000 size:3768320 offset:20856832 fd:36" 17080 194
D "06-02 02:22:39.232" 134 memalloc "/dev/pmem: Freeing buffer base:0x44e15000 size:3768320 offset:41005056 fd:57" 17080 195
D "06-02 02:22:39.342" 322 dalvikvm "GC_CONCURRENT freed 1311K, 40% free 20479K/33699K, paused 2ms+11ms" 325 196
D "06-02 02:22:39.372" 134 memalloc "/dev/pmem: Freeing buffer base:0x426fa000 size:3768320 offset:0 fd:52" 214 197
D "06-02 02:22:39.382" 134 memalloc "/dev/pmem: Allocated buffer base:0x426fa000 size:655360 offset:0 fd:37" 18210 198
D "06-02 02:22:39.382" 322 memalloc "/dev/pmem: Mapped buffer base:0x61302000 size:655360 offset:0 fd:298" 375 199
I "06-02 02:22:39.392" 134 Adreno200-EGLSUB "<CreateImage:893>: Android Image" 214 200
I "06-02 02:22:39.392" 134 Adreno200-EGLSUB "<GetImageAttributes:1102>: RGBA_8888" 214 201
W "06-02 02:22:39.702" 322 ActivityManager "Activity pause timeout for ActivityRecord{41e24270 com.trellis.HelloTrellis/.HelloTrellisActivity}" 374 202
I "06-02 02:22:39.722" 752 Adreno200-EGLSUB "<ConfigWindowMatch:2078>: Format RGBA_8888." 752 203
D "06-02 02:22:39.722" 134 memalloc "/dev/pmem: Allocated buffer base:0x426fa000 size:3768320 offset:655360 fd:35" 17080 204
D "06-02 02:22:39.732" 752 memalloc "/dev/pmem: Mapped buffer base:0x5d67b000 size:4423680 offset:655360 fd:83" 752 205
E "06-02 02:22:39.782" 752 "        " "glEndTilingQCOM: 0x502" 752 206
D "06-02 02:22:39.782" 134 memalloc "/dev/pmem: Allocated buffer base:0x426fa000 size:3768320 offset:17088512 fd:52" 228 207
D "06-02 02:22:39.792" 752 memalloc "/dev/pmem: Mapped buffer base:0x5e6a7000 size:20856832 offset:17088512 fd:89" 752 208
I "06-02 02:22:39.802" 134 Adreno200-EGLSUB "<CreateImage:893>: Android Image" 214 209
I "06-02 02:22:39.802" 134 Adreno200-EGLSUB "<GetImageAttributes:1102>: RGBA_8888" 214 210
I "06-02 02:22:39.802" 322 ActivityManager "No longer want com.android.remotecontrolservice (pid 12167): hidden #16" 576 211
D "06-02 02:22:40.352" 134 memalloc "/dev/pmem: Allocated buffer base:0x426fa000 size:655360 offset:4423680 fd:56" 17080 212
D "06-02 02:22:40.352" 322 memalloc "/dev/pmem: Mapped buffer base:0x627a9000 size:5079040 offset:4423680 fd:309" 375 213
I "06-02 02:22:40.362" 134 Adreno200-EGLSUB "<CreateImage:893>: Android Image" 214 214
I "06-02 02:22:40.362" 134 Adreno200-EGLSUB "<GetImageAttributes:1102>: RGBA_8888" 214 215
D "06-02 02:22:40.562" 134 memalloc "/dev/pmem: Allocated buffer base:0x426fa000 size:655360 offset:5079040 fd:65" 243 216
D "06-02 02:22:40.562" 322 memalloc "/dev/pmem: Mapped buffer base:0x62cf6000 size:5734400 offset:5079040 fd:312" 375 217
I "06-02 02:22:40.572" 134 Adreno200-EGLSUB "<CreateImage:893>: Android Image" 214 218
I "06-02 02:22:40.572" 134 Adreno200-EGLSUB "<GetImageAttributes:1102>: RGBA_8888" 214 219
W "06-02 02:22:49.802" 322 ActivityManager "Activity destroy timeout for ActivityRecord{41e24270 com.trellis.HelloTrellis/.HelloTrellisActivity}" 374 220
D "06-02 02:22:49.812" 322 memalloc "/dev/pmem: Unmapping buffer base:0x64979000 size:13602816 offset:9834496" 408 221
D "06-02 02:22:49.822" 134 memalloc "/dev/pmem: Freeing buffer base:0x4305b000 size:3768320 offset:9834496 fd:41" 214 222
I "06-02 02:22:57.382" 322 ActivityManager "Start proc com.sonyericsson.lockscreen.uxpnxt for service com.sonyericsson.lockscreen.uxpnxt/com.sonyericsson.lockscreen.publisher.calendar.NewReminderService: pid=12654 uid=10111 gids={3003}" 375 223
I "06-02 02:22:57.432" 12654 ActivityThread "Pub com.sonyericsson.lockscreen.provider: com.sonyericsson.lockscreen.event.LockScreenEventProvider" 12654 224
D "06-02 02:22:57.762" 12668 AndroidRuntime  12668 225
D "06-02 02:22:57.762" 12668 AndroidRuntime ">>>>>> AndroidRuntime START com.android.internal.os.RuntimeInit <<<<<<" 12668 226
D "06-02 02:22:57.762" 12668 AndroidRuntime "CheckJNI is OFF" 12668 227
D "06-02 02:22:57.962" 12668 AndroidRuntime "Calling main entry com.android.commands.am.Am" 12668 228
D "06-02 02:22:57.972" 12668 AndroidRuntime "Shutting down VM" 12668 229
I "06-02 02:22:57.972" 12668 AndroidRuntime "NOTE: attach of thread 'Binder Thread #1' failed" 12676 230
D "06-02 02:22:57.982" 12668 dalvikvm "GC_CONCURRENT freed 99K, 89% free 483K/4096K, paused 1ms+0ms" 12672 231
I "06-02 02:22:57.982" 12539 APPTHWACK "ORIENTATION: 0" 12677 232
E "06-02 02:23:00.792" 752 "        " "glEndTilingQCOM: 0x502" 752 233
D "06-02 02:23:00.792" 134 memalloc "/dev/pmem: Allocated buffer base:0x426fa000 size:3768320 offset:9834496 fd:41" 243 234
D "06-02 02:23:00.812" 752 memalloc "/dev/pmem: Mapped buffer base:0x6178c000 size:13602816 offset:9834496 fd:93" 752 235
I "06-02 02:23:00.812" 134 Adreno200-EGLSUB "<CreateImage:893>: Android Image" 214 236
I "06-02 02:23:00.812" 134 Adreno200-EGLSUB "<GetImageAttributes:1102>: RGBA_8888" 214 237
D "06-02 02:23:01.522" 12684 AndroidRuntime  12684 238
D "06-02 02:23:01.522" 12684 AndroidRuntime ">>>>>> AndroidRuntime START com.android.internal.os.RuntimeInit <<<<<<" 12684 239
D "06-02 02:23:01.522" 12684 AndroidRuntime "CheckJNI is OFF" 12684 240
D "06-02 02:23:01.712" 12684 AndroidRuntime "Calling main entry com.android.commands.am.Am" 12684 241
I "06-02 02:23:01.722" 322 ActivityManager "START {flg=0x10000000 cmp=com.trellis.appthwackdevicemanager/.RotateLandscape} from pid 12684" 635 242
D "06-02 02:23:01.742" 12684 AndroidRuntime "Shutting down VM" 12684 243
I "06-02 02:23:01.752" 322 InputReader "Reconfiguring input devices.  changes=0x00000004" 418 244
I "06-02 02:23:01.752" 322 InputReader "Device reconfigured: id=6, name='clearpad', surface size is now 720x1280, mode is 1" 418 245
D "06-02 02:23:01.752" 12684 dalvikvm "GC_CONCURRENT freed 99K, 89% free 483K/4096K, paused 0ms+0ms" 12688 246
I "06-02 02:23:01.782" 322 ActivityManager "Config changed: {1.0 0mcc0mnc en_US layoutdir=0 sw360dp w640dp h335dp nrml long land finger -keyb/v/h -nav/h skinPackage=com.sonyericsson.blackthemeblueaccent s.113}" 636 247
D "06-02 02:23:01.792" 134 msm8660.hwcomposer "hwc_setHDMIParameter: param=0 value=4" 214 248
D "06-02 02:23:01.802" 752 OpenGLRenderer "Flushing caches (mode 0)" 752 249
E "06-02 02:23:01.842" 752 "        " "glEndTilingQCOM: 0x502" 752 250
I "06-02 02:23:01.862" 134 Adreno200-EGLSUB "<CreateImage:893>: Android Image" 214 251
I "06-02 02:23:01.862" 134 Adreno200-EGLSUB "<GetImageAttributes:1102>: RGBA_8888" 214 252
I "06-02 02:23:01.892" 322 InputReader "Reconfiguring input devices.  changes=0x00000004" 418 253
I "06-02 02:23:01.892" 322 InputReader "Device reconfigured: id=6, name='clearpad', surface size is now 720x1280, mode is 1" 418 254
I "06-02 02:23:01.892" 322 ActivityManager "Config changed: {1.0 0mcc0mnc en_US layoutdir=0 sw360dp w360dp h615dp nrml long port finger -keyb/v/h -nav/h skinPackage=com.sonyericsson.blackthemeblueaccent s.114}" 19272 255
D "06-02 02:23:01.902" 752 memalloc "/dev/pmem: Unmapping buffer base:0x5d67b000 size:4423680 offset:655360" 752 256
D "06-02 02:23:01.902" 752 memalloc "/dev/pmem: Unmapping buffer base:0x5e6a7000 size:20856832 offset:17088512" 752 257
D "06-02 02:23:01.902" 752 memalloc "/dev/pmem: Unmapping buffer base:0x6178c000 size:13602816 offset:9834496" 752 258
D "06-02 02:23:01.902" 134 memalloc "/dev/pmem: Freeing buffer base:0x4279a000 size:3768320 offset:655360 fd:35" 18210 259
D "06-02 02:23:01.902" 134 memalloc "/dev/pmem: Freeing buffer base:0x43746000 size:3768320 offset:17088512 fd:52" 18210 260
D "06-02 02:23:01.912" 134 msm8660.hwcomposer "hwc_setHDMIParameter: param=0 value=0" 214 261
W "06-02 02:23:01.932" 322 ActivityManager "Duplicate finish request for ActivityRecord{419893a8 com.trellis.appthwackdevicemanager/.RotateLandscape}" 575 262
D "06-02 02:23:01.952" 134 memalloc "/dev/pmem: Freeing buffer base:0x4305b000 size:3768320 offset:9834496 fd:41" 214 263
D "06-02 02:23:02.072" 752 dalvikvm "GC_CONCURRENT freed 1469K, 31% free 18866K/27171K, paused 3ms+4ms" 756 264
I "06-02 02:23:02.222" 752 Adreno200-EGLSUB "<ConfigWindowMatch:2078>: Format RGBA_8888." 752 265
D "06-02 02:23:02.222" 134 memalloc "/dev/pmem: Allocated buffer base:0x426fa000 size:3768320 offset:655360 fd:35" 17080 266
D "06-02 02:23:02.232" 752 memalloc "/dev/pmem: Mapped buffer base:0x5d67b000 size:4423680 offset:655360 fd:81" 752 267
E "06-02 02:23:02.312" 752 "        " "glEndTilingQCOM: 0x502" 752 268
D "06-02 02:23:02.322" 134 memalloc "/dev/pmem: Allocated buffer base:0x426fa000 size:3768320 offset:9834496 fd:42" 228 269
D "06-02 02:23:02.332" 752 memalloc "/dev/pmem: Mapped buffer base:0x5e6a7000 size:13602816 offset:9834496 fd:85" 752 270
I "06-02 02:23:02.332" 134 Adreno200-EGLSUB "<CreateImage:893>: Android Image" 214 271
I "06-02 02:23:02.332" 134 Adreno200-EGLSUB "<GetImageAttributes:1102>: RGBA_8888" 214 272
D "06-02 02:23:04.532" 322 dalvikvm "GC_EXPLICIT freed 788K, 41% free 20186K/33699K, paused 10ms+10ms" 408 273
D "06-02 02:23:05.182" 12707 AndroidRuntime  12707 274
D "06-02 02:23:05.182" 12707 AndroidRuntime ">>>>>> AndroidRuntime START com.android.internal.os.RuntimeInit <<<<<<" 12707 275
D "06-02 02:23:05.182" 12707 AndroidRuntime "CheckJNI is OFF" 12707 276
D "06-02 02:23:05.382" 12707 AndroidRuntime "Calling main entry com.android.commands.am.Am" 12707 277
D "06-02 02:23:05.392" 12707 AndroidRuntime "Shutting down VM" 12707 278
I "06-02 02:23:05.392" 12707 AndroidRuntime "NOTE: attach of thread 'Binder Thread #1' failed" 12722 279
D "06-02 02:23:05.402" 12707 dalvikvm "GC_CONCURRENT freed 99K, 89% free 483K/4096K, paused 0ms+1ms" 12716 280
I "06-02 02:23:05.402" 12539 APPTHWACK "ORIENTATION: 0" 12723 281
D "06-02 02:23:07.462" 12732 AndroidRuntime  12732 282
D "06-02 02:23:07.462" 12732 AndroidRuntime ">>>>>> AndroidRuntime START com.android.internal.os.RuntimeInit <<<<<<" 12732 283
D "06-02 02:23:07.462" 12732 AndroidRuntime "CheckJNI is OFF" 12732 284
D "06-02 02:23:07.692" 12732 AndroidRuntime "Calling main entry com.android.commands.pm.Pm" 12732 285
D "06-02 02:23:07.852" 12732 AndroidRuntime "Shutting down VM" 12732 286
D "06-02 02:23:07.862" 12732 dalvikvm "GC_CONCURRENT freed 485K, 89% free 462K/4096K, paused 1ms+0ms" 12736 287
D "06-02 02:23:08.872" 12762 AndroidRuntime  12762 288
D "06-02 02:23:08.872" 12762 AndroidRuntime ">>>>>> AndroidRuntime START com.android.internal.os.RuntimeInit <<<<<<" 12762 289
D "06-02 02:23:08.872" 12762 AndroidRuntime "CheckJNI is OFF" 12762 290
D "06-02 02:23:09.072" 12762 AndroidRuntime "Calling main entry com.android.commands.pm.Pm" 12762 291
I "06-02 02:23:09.092" 21326 PackageHelper "Size of container 2 MB" 24789 292
W "06-02 02:23:09.092" 322 ActivityManager "No content provider found for permission revoke: file:///sdcard/temp.apk" 378 293
D "06-02 02:23:09.092" 130 VoldCmdListener "asec list" 166 294
D "06-02 02:23:09.092" 130 VoldCmdListener "asec list" 166 295
D "06-02 02:23:09.092" 130 VoldCmdListener "asec create smdl2tmp1 2 fat {} 10017" 166 296
    "06-02 02:23:09.122   130   166 I /system/bin/newfs_msdos: /system/bin/newfs_msdos: warning, /dev/block/dm-0 is not a character device"  297
    "06-02 02:23:09.122   130   166 I /system/bin/newfs_msdos: /system/bin/newfs_msdos: Skipping mount checks"  298
    "06-02 02:23:09.122   130   166 I /system/bin/newfs_msdos: Bogus heads from kernel - setting sane value"  299
    "06-02 02:23:09.122   130   166 I /system/bin/newfs_msdos: Bogus sectors from kernel - setting sane value"  300
    "06-02 02:23:09.122   130   166 I /system/bin/newfs_msdos: /dev/block/dm-0: 4176 sectors in 261 FAT12 clusters (8192 bytes/cluster)"  301
    "06-02 02:23:09.122   130   166 I /system/bin/newfs_msdos: bps=512 spc=16 res=1 nft=2 rde=512 sec=4221 mid=0xf8 spf=1 spt=63 hds=64 hid=0"  302
I "06-02 02:23:09.132" 21326 PackageHelper "Created secure container smdl2tmp1 at /mnt/asec/smdl2tmp1" 24789 303
I "06-02 02:23:09.132" 130 "Vold    " "Filesystem formatted OK" 166 304
D "06-02 02:23:09.132" 130 VoldCmdListener "asec path smdl2tmp1" 166 305
I "06-02 02:23:09.132" 21326 DefContainer "Created container for smdl2tmp1 at path : /mnt/asec/smdl2tmp1" 24789 306
I "06-02 02:23:09.142" 21326 DefContainer "Copied /sdcard/temp.apk to /mnt/asec/smdl2tmp1/pkg.apk" 24789 307
D "06-02 02:23:09.152" 130 VoldCmdListener "asec finalize smdl2tmp1" 166 308
I "06-02 02:23:09.152" 21326 DefContainer "Finalized container smdl2tmp1" 24789 309
I "06-02 02:23:09.152" 21326 DefContainer "Unmounting smdl2tmp1 at path /mnt/asec/smdl2tmp1" 24789 310
D "06-02 02:23:09.172" 21326 dalvikvm "GC_EXPLICIT freed 141K, 9% free 12611K/13731K, paused 1ms+3ms" 24789 311
D "06-02 02:23:09.262" 322 dalvikvm "GC_EXPLICIT freed 142K, 41% free 20142K/33699K, paused 3ms+10ms" 378 312
D "06-02 02:23:09.262" 130 VoldCmdListener "asec unmount smdl2tmp1 force" 166 313
W "06-02 02:23:09.302" 322 ActivityManager "No content provider found for permission revoke: file:///sdcard/temp.apk" 378 314
D "06-02 02:23:09.302" 130 VoldCmdListener "asec mount smdl2tmp1 {} 1000" 166 315
D "06-02 02:23:09.362" 130 VoldCmdListener "asec path smdl2tmp1" 166 316
D "06-02 02:23:09.482" 322 dalvikvm "GC_EXPLICIT freed 196K, 41% free 20164K/33699K, paused 3ms+8ms" 378 317
D "06-02 02:23:09.482" 130 VoldCmdListener "asec unmount smdl2tmp1 force" 166 318
D "06-02 02:23:09.522" 130 VoldCmdListener "asec rename smdl2tmp1 com.appthwack.test-1" 166 319
W "06-02 02:23:09.532" 322 PackageManager "Mounting container com.appthwack.test-1" 378 320
D "06-02 02:23:09.532" 130 VoldCmdListener "asec mount com.appthwack.test-1 {} 1000" 166 321
I "06-02 02:23:09.592" 322 PackageManager "Succesfully renamed smdl2tmp1 to com.appthwack.test-1 at new path: /mnt/asec/com.appthwack.test-1" 378 322
I "06-02 02:23:09.592" 322 PackageManager "Running dexopt on: com.appthwack.test" 378 323
D "06-02 02:23:09.592" 130 VoldCmdListener "asec path com.appthwack.test-1" 166 324
I "06-02 02:23:09.592" 322 PackageManager "Linking native library dir for /mnt/asec/com.appthwack.test-1/pkg.apk" 378 325
D "06-02 02:23:09.742" 12788 dalvikvm "DexOpt: load 18ms, verify+opt 97ms" 12788 326
I "06-02 02:23:09.772" 322 ActivityManager "Force stopping package com.appthwack.test uid=10179" 375 327
D "06-02 02:23:09.842" 322 PackageManager "New package installed in /mnt/asec/com.appthwack.test-1/pkg.apk" 378 328
I "06-02 02:23:09.932" 679 RegisteredComponentCache "ComponentInfo: ResolveInfo{41878148 com.android.apps.tag.TagViewer p=0 o=0 m=0x108000}, techs: android.nfc.tech.Ndef," 679 329
D "06-02 02:23:10.042" 12320 com.sonyericsson.updatecenter.launcher.UpdateCenterLauncherService "Got action android.intent.action.PACKAGE_ADDED broadcast with package name = com.appthwack.test" 12792 330
D "06-02 02:23:10.102" 322 PackageManager "generateServicesMap(android.accounts.AccountAuthenticator): 11 services unchanged" 374 331
D "06-02 02:23:10.182" 322 PackageManager "generateServicesMap(android.content.SyncAdapter): 24 services unchanged" 374 332
D "06-02 02:23:10.212" 322 dalvikvm "GC_EXPLICIT freed 843K, 40% free 20247K/33699K, paused 2ms+12ms" 378 333
D "06-02 02:23:10.212" 12762 AndroidRuntime "Shutting down VM" 12762 334
D "06-02 02:23:10.222" 12762 dalvikvm "GC_CONCURRENT freed 98K, 89% free 453K/4096K, paused 0ms+1ms" 12766 335
D "06-02 02:23:10.222" 322 BackupManagerService "Received broadcast Intent { act=android.intent.action.PACKAGE_ADDED dat=package:com.appthwack.test flg=0x10000010 (has extras) }" 374 336
V "06-02 02:23:10.302" 322 BackupManagerService "addPackageParticipantsLocked: #1" 447 337
D "06-02 02:23:10.832" 12804 AndroidRuntime  12804 338
D "06-02 02:23:10.832" 12804 AndroidRuntime ">>>>>> AndroidRuntime START com.android.internal.os.RuntimeInit <<<<<<" 12804 339
D "06-02 02:23:10.832" 12804 AndroidRuntime "CheckJNI is OFF" 12804 340
D "06-02 02:23:11.092" 12804 AndroidRuntime "Calling main entry com.android.commands.input.Input" 12804 341
I "06-02 02:23:11.092" 12804 SendKeyEvent 4 12804 342
D "06-02 02:23:11.102" 322 lights-module "buttons: Color ffc4c4c4, BrMode 0, OnMS 0, OffMS 0, Mode 0" 417 343
D "06-02 02:23:11.102" 144 "lights  " "set_led: set_led=buttons" 144 344
D "06-02 02:23:11.102" 144 "lights  " "set_light_buttons: color=0xffc4c4c4, mode=0" 144 345
D "06-02 02:23:11.102" 144 "lights  " "get_selected_button_state: target=1, color=0xffc4c4c4, mode=0" 144 346
D "06-02 02:23:11.102" 144 "lights  " "[illumination_thread] fade ctrl info:2" 158 347
D "06-02 02:23:11.102" 12804 AndroidRuntime "Shutting down VM" 12804 348
D "06-02 02:23:11.112" 12804 dalvikvm "GC_CONCURRENT freed 96K, 90% free 448K/4096K, paused 0ms+1ms" 12808 349
I "06-02 02:23:11.112" 12804 AndroidRuntime "NOTE: attach of thread 'Binder Thread #1' failed" 12814 350
D "06-02 02:23:11.192" 12182 dalvikvm "GC_CONCURRENT freed 1209K, 10% free 13168K/14499K, paused 2ms+3ms" 12184 351
D "06-02 02:23:11.522" 12817 AndroidRuntime  12817 352
D "06-02 02:23:11.522" 12817 AndroidRuntime ">>>>>> AndroidRuntime START com.android.internal.os.RuntimeInit <<<<<<" 12817 353
D "06-02 02:23:11.522" 12817 AndroidRuntime "CheckJNI is OFF" 12817 354
D "06-02 02:23:11.722" 12817 AndroidRuntime "Calling main entry com.android.commands.input.Input" 12817 355
I "06-02 02:23:11.722" 12817 SendKeyEvent 4 12817 356
D "06-02 02:23:11.732" 12817 AndroidRuntime "Shutting down VM" 12817 357
D "06-02 02:23:11.732" 12817 dalvikvm "GC_CONCURRENT freed 96K, 90% free 448K/4096K, paused 0ms+1ms" 12821 358
I "06-02 02:23:11.732" 12817 AndroidRuntime "NOTE: attach of thread 'Binder Thread #1' failed" 12825 359
D "06-02 02:23:12.172" 12828 AndroidRuntime  12828 360
D "06-02 02:23:12.172" 12828 AndroidRuntime ">>>>>> AndroidRuntime START com.android.internal.os.RuntimeInit <<<<<<" 12828 361
D "06-02 02:23:12.172" 12828 AndroidRuntime "CheckJNI is OFF" 12828 362
D "06-02 02:23:12.362" 12828 AndroidRuntime "Calling main entry com.android.commands.input.Input" 12828 363
I "06-02 02:23:12.362" 12828 SendKeyEvent 4 12828 364
D "06-02 02:23:12.372" 12828 AndroidRuntime "Shutting down VM" 12828 365
D "06-02 02:23:12.372" 12828 dalvikvm "GC_CONCURRENT freed 96K, 90% free 448K/4096K, paused 0ms+1ms" 12832 366
I "06-02 02:23:12.372" 12828 AndroidRuntime "NOTE: attach of thread 'Binder Thread #1' failed" 12836 367
D "06-02 02:23:12.812" 12839 AndroidRuntime  12839 368
D "06-02 02:23:12.812" 12839 AndroidRuntime ">>>>>> AndroidRuntime START com.android.internal.os.RuntimeInit <<<<<<" 12839 369
D "06-02 02:23:12.812" 12839 AndroidRuntime "CheckJNI is OFF" 12839 370
D "06-02 02:23:13.002" 12839 AndroidRuntime "Calling main entry com.android.commands.input.Input" 12839 371
I "06-02 02:23:13.002" 12839 SendKeyEvent 4 12839 372
D "06-02 02:23:13.012" 12839 AndroidRuntime "Shutting down VM" 12839 373
D "06-02 02:23:13.012" 12839 dalvikvm "GC_CONCURRENT freed 96K, 90% free 448K/4096K, paused 1ms+0ms" 12843 374
I "06-02 02:23:13.012" 12839 AndroidRuntime "NOTE: attach of thread 'Binder Thread #1' failed" 12847 375
D "06-02 02:23:13.462" 12850 AndroidRuntime  12850 376
D "06-02 02:23:13.462" 12850 AndroidRuntime ">>>>>> AndroidRuntime START com.android.internal.os.RuntimeInit <<<<<<" 12850 377
D "06-02 02:23:13.462" 12850 AndroidRuntime "CheckJNI is OFF" 12850 378
D "06-02 02:23:13.682" 12850 AndroidRuntime "Calling main entry com.android.commands.input.Input" 12850 379
I "06-02 02:23:13.682" 12850 SendKeyEvent 4 12850 380
D "06-02 02:23:13.682" 12850 AndroidRuntime "Shutting down VM" 12850 381
D "06-02 02:23:13.692" 12850 dalvikvm "GC_CONCURRENT freed 96K, 90% free 448K/4096K, paused 0ms+0ms" 12854 382
I "06-02 02:23:13.692" 12850 AndroidRuntime "NOTE: attach of thread 'Binder Thread #1' failed" 12859 383
D "06-02 02:23:14.142" 12865 AndroidRuntime  12865 384
D "06-02 02:23:14.142" 12865 AndroidRuntime ">>>>>> AndroidRuntime START com.android.internal.os.RuntimeInit <<<<<<" 12865 385
D "06-02 02:23:14.142" 12865 AndroidRuntime "CheckJNI is OFF" 12865 386
D "06-02 02:23:14.342" 12865 AndroidRuntime "Calling main entry com.android.commands.am.Am" 12865 387
D "06-02 02:23:14.352" 12865 AndroidRuntime "Shutting down VM" 12865 388
D "06-02 02:23:14.362" 12865 dalvikvm "GC_CONCURRENT freed 99K, 89% free 483K/4096K, paused 0ms+1ms" 12869 389
I "06-02 02:23:14.362" 12865 AndroidRuntime "NOTE: attach of thread 'Binder Thread #1' failed" 12873 390
I "06-02 02:23:14.362" 12539 APPTHWACK "Power up" 12874 391
I "06-02 02:23:14.362" 12539 APPTHWACK "Unlock keyguard" 12874 392
I "06-02 02:23:14.362" 12539 APPTHWACK "Go to home" 12874 393
I "06-02 02:23:14.362" 322 ActivityManager "START {act=android.intent.action.MAIN cat=[android.intent.category.HOME] flg=0x10000000 cmp=com.sonyericsson.home/.HomeActivity} from pid 12539" 690 394
I "06-02 02:23:14.382" 12539 APPTHWACK "WiFi on" 12874 395
I "06-02 02:23:14.382" 12539 APPTHWACK "Disable airplane mode" 12874 396
E "06-02 02:23:14.382" 752 "        " "glEndTilingQCOM: 0x502" 752 397
D "06-02 02:23:14.382" 134 memalloc "/dev/pmem: Allocated buffer base:0x426fa000 size:3768320 offset:17088512 fd:53" 134 398
D "06-02 02:23:14.402" 752 memalloc "/dev/pmem: Mapped buffer base:0x6178c000 size:20856832 offset:17088512 fd:92" 752 399
I "06-02 02:23:14.402" 134 Adreno200-EGLSUB "<CreateImage:893>: Android Image" 214 400
I "06-02 02:23:14.402" 134 Adreno200-EGLSUB "<GetImageAttributes:1102>: RGBA_8888" 214 401
D "06-02 02:23:14.402" 322 BluetoothAdapterStateMachine "BluetoothOn process message: 56" 422 402
W "06-02 02:23:14.402" 322 BluetoothAdapterStateMachine "BluetoothOn received: 56" 422 403
I "06-02 02:23:14.402" 12539 APPTHWACK "Connecting to WiFi" 12874 404
D "06-02 02:23:14.412" 322 FmReceiverService onReceive:ACTION_AIRPLANE_MODE_CHANGED 374 405
D "06-02 02:23:14.412" 322 FmTransmitterService onReceive:ACTION_AIRPLANE_MODE_CHANGED 374 406
D "06-02 02:23:14.772" 12877 AndroidRuntime  12877 407
D "06-02 02:23:14.772" 12877 AndroidRuntime ">>>>>> AndroidRuntime START com.android.internal.os.RuntimeInit <<<<<<" 12877 408
D "06-02 02:23:14.772" 12877 AndroidRuntime "CheckJNI is OFF" 12877 409
D "06-02 02:23:14.962" 12877 AndroidRuntime "Calling main entry com.android.commands.am.Am" 12877 410
I "06-02 02:23:14.972" 322 ActivityManager "START {flg=0x10000000 cmp=com.trellis.appthwackdevicemanager/.RotatePortrait} from pid 12877" 677 411
D "06-02 02:23:14.992" 12877 AndroidRuntime "Shutting down VM" 12877 412
E "06-02 02:23:15.012" 752 "        " "glEndTilingQCOM: 0x502" 752 413
D "06-02 02:23:15.022" 12877 dalvikvm "GC_CONCURRENT freed 99K, 89% free 483K/4096K, paused 0ms+0ms" 12881 414
I "06-02 02:23:15.022" 134 Adreno200-EGLSUB "<CreateImage:893>: Android Image" 214 415
I "06-02 02:23:15.022" 134 Adreno200-EGLSUB "<GetImageAttributes:1102>: RGBA_8888" 214 416
D "06-02 02:23:18.452" 12889 AndroidRuntime  12889 417
D "06-02 02:23:18.452" 12889 AndroidRuntime ">>>>>> AndroidRuntime START com.android.internal.os.RuntimeInit <<<<<<" 12889 418
D "06-02 02:23:18.452" 12889 AndroidRuntime "CheckJNI is OFF" 12889 419
D "06-02 02:23:18.662" 12889 AndroidRuntime "Calling main entry com.android.commands.am.Am" 12889 420
D "06-02 02:23:18.672" 12889 AndroidRuntime "Shutting down VM" 12889 421
D "06-02 02:23:18.672" 12889 dalvikvm "GC_CONCURRENT freed 99K, 89% free 483K/4096K, paused 1ms+0ms" 12893 422
I "06-02 02:23:18.682" 12889 AndroidRuntime "NOTE: attach of thread 'Binder Thread #1' failed" 12898 423
I "06-02 02:23:18.682" 12539 APPTHWACK "ORIENTATION: 0" 12899 424
D "06-02 02:23:19.682" 322 lights-module "buttons: Color ff000000, BrMode 0, OnMS 0, OffMS 0, Mode 0" 406 425
D "06-02 02:23:19.682" 144 "lights  " "set_led: set_led=buttons" 144 426
D "06-02 02:23:19.682" 144 "lights  " "set_light_buttons: color=0xff000000, mode=0" 144 427
D "06-02 02:23:19.682" 144 "lights  " "get_selected_button_state: target=1, color=0xff000000, mode=0" 144 428
D "06-02 02:23:19.682" 144 "lights  " "[illumination_thread] fade ctrl info:2" 158 429
D "06-02 02:23:20.722" 12929 AndroidRuntime  12929 430
D "06-02 02:23:20.722" 12929 AndroidRuntime ">>>>>> AndroidRuntime START com.android.internal.os.RuntimeInit <<<<<<" 12929 431
D "06-02 02:23:20.722" 12929 AndroidRuntime "CheckJNI is OFF" 12929 432
D "06-02 02:23:20.922" 12929 AndroidRuntime "Calling main entry com.android.commands.am.Am" 12929 433
I "06-02 02:23:20.932" 322 ActivityManager "Force stopping package com.trellis.HelloTrellis uid=10178" 576 434
I "06-02 02:23:20.932" 322 ActivityManager "Killing proc 12624:com.trellis.process/10178: force stop" 576 435
I "06-02 02:23:20.952" 322 ActivityManager "Start proc com.trellis.process for added application com.trellis.process: pid=12938 uid=10178 gids={1015}" 576 436
I "06-02 02:23:20.962" 12938 dalvikvm "Turning on JNI app bug workarounds for target SDK version 10..." 12938 437
I "06-02 02:23:21.042" 12938 TestRunner "started: testApp(com.appthwack.test.AppThwackExplorerTest)" 12951 438
D "06-02 02:23:21.052" 12938 APPTHWACK "Test setup" 12951 439
I "06-02 02:23:21.082" 322 ActivityManager "START {act=android.intent.action.MAIN flg=0x10000000 cmp=com.trellis.HelloTrellis/.HelloTrellisActivity} from pid 12938" 677 440
D "06-02 02:23:21.112" 12938 AndroidRuntime "Shutting down VM" 12938 441
W "06-02 02:23:21.112" 12938 dalvikvm "threadid=1: thread exiting with uncaught exception (group=0x40ad4210)" 12938 442
E "06-02 02:23:21.122" 12938 AndroidRuntime "FATAL EXCEPTION: main" 12938 443
E "06-02 02:23:21.122" 12938 AndroidRuntime "java.lang.RuntimeException: Unable to start activity ComponentInfo{com.trellis.HelloTrellis/com.trellis.HelloTrellis.HelloTrellisActivity}: java.lang.NullPointerException" 12938 444
E "06-02 02:23:21.122" 12938 AndroidRuntime "	at android.app.ActivityThread.performLaunchActivity(ActivityThread.java:1967)" 12938 445
E "06-02 02:23:21.122" 12938 AndroidRuntime "	at android.app.ActivityThread.handleLaunchActivity(ActivityThread.java:1992)" 12938 446
E "06-02 02:23:21.122" 12938 AndroidRuntime "	at android.app.ActivityThread.access$600(ActivityThread.java:127)" 12938 447
E "06-02 02:23:21.122" 12938 AndroidRuntime "	at android.app.ActivityThread$H.handleMessage(ActivityThread.java:1158)" 12938 448
E "06-02 02:23:21.122" 12938 AndroidRuntime "	at android.os.Handler.dispatchMessage(Handler.java:99)" 12938 449
E "06-02 02:23:21.122" 12938 AndroidRuntime "	at android.os.Looper.loop(Looper.java:137)" 12938 450
E "06-02 02:23:21.122" 12938 AndroidRuntime "	at android.app.ActivityThread.main(ActivityThread.java:4441)" 12938 451
E "06-02 02:23:21.122" 12938 AndroidRuntime "	at java.lang.reflect.Method.invokeNative(Native Method)" 12938 452
E "06-02 02:23:21.122" 12938 AndroidRuntime "	at java.lang.reflect.Method.invoke(Method.java:511)" 12938 453
E "06-02 02:23:21.122" 12938 AndroidRuntime "	at com.android.internal.os.ZygoteInit$MethodAndArgsCaller.run(ZygoteInit.java:823)" 12938 454
E "06-02 02:23:21.122" 12938 AndroidRuntime "	at com.android.internal.os.ZygoteInit.main(ZygoteInit.java:590)" 12938 455
E "06-02 02:23:21.122" 12938 AndroidRuntime "	at dalvik.system.NativeStart.main(Native Method)" 12938 456
E "06-02 02:23:21.122" 12938 AndroidRuntime "Caused by: java.lang.NullPointerException" 12938 457
E "06-02 02:23:21.122" 12938 AndroidRuntime "	at com.trellis.HelloTrellis.HelloTrellisActivity.onCreate(HelloTrellisActivity.java:20)" 12938 458
E "06-02 02:23:21.122" 12938 AndroidRuntime "	at android.app.Activity.performCreate(Activity.java:4465)" 12938 459
E "06-02 02:23:21.122" 12938 AndroidRuntime "	at android.app.Instrumentation.callActivityOnCreate(Instrumentation.java:1049)" 12938 460
E "06-02 02:23:21.122" 12938 AndroidRuntime "	at android.app.ActivityThread.performLaunchActivity(ActivityThread.java:1931)" 12938 461
E "06-02 02:23:21.122" 12938 AndroidRuntime "	... 11 more" 12938 462
D "06-02 02:23:21.142" 134 memalloc "/dev/pmem: Allocated buffer base:0x426fa000 size:3768320 offset:20856832 fd:71" 17080 463
W "06-02 02:23:21.142" 322 ActivityManager "Error in app com.trellis.process running instrumentation ComponentInfo{com.appthwack.test/com.appthwack.test.AppThwackInstrumentationTestRunner}:" 322 464
W "06-02 02:23:21.142" 322 ActivityManager "  java.lang.NullPointerException" 322 465
W "06-02 02:23:21.142" 322 ActivityManager "  java.lang.NullPointerException: Unable to start activity ComponentInfo{com.trellis.HelloTrellis/com.trellis.HelloTrellis.HelloTrellisActivity}: java.lang.NullPointerException" 322 466
I "06-02 02:23:21.142" 322 ActivityManager "Force stopping package com.trellis.process uid=-1" 322 467
D "06-02 02:23:21.152" 12929 AndroidRuntime "Shutting down VM" 12929 468
I "06-02 02:23:21.152" 322 ActivityManager "Killing proc 12938:com.trellis.process/10178: force stop" 322 469
D "06-02 02:23:21.162" 322 memalloc "/dev/pmem: Mapped buffer base:0x64ce0000 size:24625152 offset:20856832 fd:353" 408 470
D "06-02 02:23:21.162" 12929 dalvikvm "GC_CONCURRENT freed 106K, 89% free 460K/4096K, paused 1ms+1ms" 12933 471
D "06-02 02:23:21.162" 752 OpenGLRenderer "Flushing caches (mode 1)" 752 472
W "06-02 02:23:21.162" 322 ActivityManager "Force removing ActivityRecord{41e3d5f0 com.trellis.HelloTrellis/.HelloTrellisActivity}: app died, no saved state" 322 473
D "06-02 02:23:21.172" 322 memalloc "/dev/pmem: Unmapping buffer base:0x61302000 size:655360 offset:0" 322 474
D "06-02 02:23:21.172" 322 memalloc "/dev/pmem: Unmapping buffer base:0x62cf6000 size:5734400 offset:5079040" 322 475
D "06-02 02:23:21.172" 134 memalloc "/dev/pmem: Freeing buffer base:0x426fa000 size:655360 offset:0 fd:37" 18210 476
D "06-02 02:23:21.172" 134 memalloc "/dev/pmem: Freeing buffer base:0x42bd2000 size:655360 offset:5079040 fd:65" 18210 477
D "06-02 02:23:21.172" 322 memalloc "/dev/pmem: Unmapping buffer base:0x627a9000 size:5079040 offset:4423680" 322 478
D "06-02 02:23:21.182" 134 memalloc "/dev/pmem: Freeing buffer base:0x43ade000 size:3768320 offset:20856832 fd:71" 214 479
E "06-02 02:23:21.182" 134 SurfaceTexture "[Starting com.trellis.HelloTrellis] drainQueueLocked: SurfaceTexture has been abandoned!" 228 480
D "06-02 02:23:21.182" 322 memalloc "/dev/pmem: Unmapping buffer base:0x64ce0000 size:24625152 offset:20856832" 408 481
E "06-02 02:23:21.192" 752 "        " "glEndTilingQCOM: 0x502" 752 482
W "06-02 02:23:21.192" 322 InputManagerService "Window already focused, ignoring focus gain of: com.android.internal.view.IInputMethodClient$Stub$Proxy@4187e960" 636 483
D "06-02 02:23:21.202" 134 memalloc "/dev/pmem: Freeing buffer base:0x42b32000 size:655360 offset:4423680 fd:56" 214 484
D "06-02 02:23:24.872" 12984 AndroidRuntime  12984 485
D "06-02 02:23:24.872" 12984 AndroidRuntime ">>>>>> AndroidRuntime START com.android.internal.os.RuntimeInit <<<<<<" 12984 486
D "06-02 02:23:24.872" 12984 AndroidRuntime "CheckJNI is OFF" 12984 487
D "06-02 02:23:25.072" 12984 AndroidRuntime "Calling main entry com.android.commands.pm.Pm" 12984 488
I "06-02 02:23:25.102" 322 PackageManager "Removing non-system package:com.appthwack.test" 378 489
I "06-02 02:23:25.102" 322 ActivityManager "Force stopping package com.appthwack.test uid=10179" 375 490
I "06-02 02:23:25.232" 322 ActivityManager "Force stopping package com.appthwack.test uid=10179" 378 491
I "06-02 02:23:25.262" 679 RegisteredComponentCache "ComponentInfo: ResolveInfo{4187c2b8 com.android.apps.tag.TagViewer p=0 o=0 m=0x108000}, techs: android.nfc.tech.Ndef," 679 492
I "06-02 02:23:25.292" 322 ActivityManager "Start proc com.android.keychain for broadcast com.android.keychain/.KeyChainBroadcastReceiver: pid=13011 uid=1000 gids={3002, 3001, 1015, 3003, 3007}" 576 493
W "06-02 02:23:25.352" 31481 PluginManager "Can't find plugin: com.appthwack.test" 31481 494
D "06-02 02:23:25.452" 322 dalvikvm "GC_EXPLICIT freed 2084K, 41% free 20084K/33699K, paused 3ms+11ms" 378 495
I "06-02 02:23:25.512" 322 ActivityManager "Start proc com.android.remotecontrolservice for broadcast com.android.remotecontrolservice/.RemoteControlService$PackageManagerReceiver: pid=13030 uid=10069 gids={1004, 2002}" 677 496
D "06-02 02:23:25.582" 12182 VoicemailCleanupService "Cleaning up data for package: com.appthwack.test" 13043 497
D "06-02 02:23:25.622" 322 PackageManager "generateServicesMap(android.accounts.AccountAuthenticator): 11 services unchanged" 374 498
W "06-02 02:23:25.682" 12200 "Finsky  " "[5485] PackageManagerRepository.createPackageState: Package com.appthwack.test not installed" 12236 499
D "06-02 02:23:25.712" 322 dalvikvm "GC_EXPLICIT freed 216K, 41% free 20026K/33699K, paused 3ms+14ms" 378 500
D "06-02 02:23:25.712" 130 VoldCmdListener "asec unmount com.appthwack.test-1 force" 166 501
D "06-02 02:23:25.772" 322 PackageManager "generateServicesMap(android.content.SyncAdapter): 24 services unchanged" 374 502
D "06-02 02:23:25.792" 322 BackupManagerService "Received broadcast Intent { act=android.intent.action.PACKAGE_REMOVED dat=package:com.appthwack.test flg=0x10000010 (has extras) }" 374 503
I "06-02 02:23:25.802" 322 PackageHelper "Forcibly destroying container com.appthwack.test-1" 378 504
V "06-02 02:23:25.802" 322 BackupManagerService "removePackageParticipantsLocked: #1" 447 505
D "06-02 02:23:25.952" 322 dalvikvm "GC_EXPLICIT freed 766K, 41% free 20059K/33699K, paused 3ms+16ms" 378 506
D "06-02 02:23:25.952" 130 VoldCmdListener "asec destroy com.appthwack.test-1 force" 166 507
D "06-02 02:23:26.022" 12200 "Finsky  " "[1] 5.onFinished: Installation state replication succeeded." 12200 508
D "06-02 02:23:26.092" 12984 AndroidRuntime "Shutting down VM" 12984 509
D "06-02 02:23:26.102" 12984 dalvikvm "GC_CONCURRENT freed 97K, 89% free 451K/4096K, paused 0ms+1ms" 13002 510
I "06-02 02:23:26.182" 322 ActivityManager "No longer want android.process.media (pid 8406): hidden #16" 576 511
W "06-02 02:23:26.192" 322 ActivityManager "Scheduling restart of crashed service com.android.providers.media/.MtpService in 5000ms" 4584 512
W "06-02 02:23:26.192" 322 ActivityManager "Scheduling restart of crashed service com.android.providers.downloads/.DownloadService in 15000ms" 4584 513
