    "--------- beginning of /dev/log/main"  1
D "06-01 19:08:09.289" 8181 AndroidRuntime  8181 2
D "06-01 19:08:09.289" 8181 AndroidRuntime ">>>>>> AndroidRuntime START com.android.internal.os.RuntimeInit <<<<<<" 8181 3
D "06-01 19:08:09.289" 8181 AndroidRuntime "CheckJNI is OFF" 8181 4
D "06-01 19:08:09.304" 8181 dalvikvm "Trying to load lib libjavacore.so 0x0" 8181 5
D "06-01 19:08:09.312" 8181 dalvikvm "Added shared lib libjavacore.so 0x0" 8181 6
D "06-01 19:08:09.336" 8181 dalvikvm "Trying to load lib libnativehelper.so 0x0" 8181 7
D "06-01 19:08:09.336" 8181 dalvikvm "Added shared lib libnativehelper.so 0x0" 8181 8
D "06-01 19:08:09.785" 8181 AndroidRuntime "Calling main entry com.android.commands.input.Input" 8181 9
I "06-01 19:08:09.785" 8181 "Input   " "InjectKeyEvent: KeyEvent { action=ACTION_DOWN, keyCode=KEYCODE_BACK, scanCode=0, metaState=0, flags=0x0, repeatCount=0, eventTime=379413959, downTime=379413959, deviceId=-1, source=0x101 }" 8181 10
I "06-01 19:08:09.793" 8181 "Input   " "InjectKeyEvent: KeyEvent { action=ACTION_UP, keyCode=KEYCODE_BACK, scanCode=0, metaState=0, flags=0x0, repeatCount=0, eventTime=379413959, downTime=379413959, deviceId=-1, source=0x101 }" 8181 11
D "06-01 19:08:09.797" 8181 AndroidRuntime "Shutting down VM" 8181 12
D "06-01 19:08:09.800" 8181 dalvikvm "GC_CONCURRENT freed 100K, 83% free 449K/2560K, paused 1ms+0ms, total 4ms" 8186 13
I "06-01 19:08:09.804" 8181 AndroidRuntime "NOTE: attach of thread 'Binder_3' failed" 8192 14
D "06-01 19:08:10.312" 8195 AndroidRuntime  8195 15
D "06-01 19:08:10.312" 8195 AndroidRuntime ">>>>>> AndroidRuntime START com.android.internal.os.RuntimeInit <<<<<<" 8195 16
D "06-01 19:08:10.312" 8195 AndroidRuntime "CheckJNI is OFF" 8195 17
D "06-01 19:08:10.328" 8195 dalvikvm "Trying to load lib libjavacore.so 0x0" 8195 18
D "06-01 19:08:10.332" 8195 dalvikvm "Added shared lib libjavacore.so 0x0" 8195 19
D "06-01 19:08:10.343" 8195 dalvikvm "Trying to load lib libnativehelper.so 0x0" 8195 20
D "06-01 19:08:10.343" 8195 dalvikvm "Added shared lib libnativehelper.so 0x0" 8195 21
D "06-01 19:08:10.648" 8195 AndroidRuntime "Calling main entry com.android.commands.input.Input" 8195 22
I "06-01 19:08:10.648" 8195 "Input   " "InjectKeyEvent: KeyEvent { action=ACTION_DOWN, keyCode=KEYCODE_BACK, scanCode=0, metaState=0, flags=0x0, repeatCount=0, eventTime=379414823, downTime=379414823, deviceId=-1, source=0x101 }" 8195 23
I "06-01 19:08:10.675" 8195 "Input   " "InjectKeyEvent: KeyEvent { action=ACTION_UP, keyCode=KEYCODE_BACK, scanCode=0, metaState=0, flags=0x0, repeatCount=0, eventTime=379414823, downTime=379414823, deviceId=-1, source=0x101 }" 8195 24
D "06-01 19:08:10.695" 8195 AndroidRuntime "Shutting down VM" 8195 25
D "06-01 19:08:10.703" 8195 dalvikvm "GC_CONCURRENT freed 100K, 83% free 449K/2560K, paused 1ms+0ms, total 5ms" 8199 26
I "06-01 19:08:10.707" 8195 AndroidRuntime "NOTE: attach of thread 'Binder_3' failed" 8205 27
    "--------- beginning of /dev/log/system"  28
W "06-01 19:08:10.961" 258 ProcessStats "Skipping unknown process pid 8193" 274 29
W "06-01 19:08:10.961" 258 ProcessStats "Skipping unknown process pid 8195" 274 30
D "06-01 19:08:11.250" 8208 AndroidRuntime  8208 31
D "06-01 19:08:11.250" 8208 AndroidRuntime ">>>>>> AndroidRuntime START com.android.internal.os.RuntimeInit <<<<<<" 8208 32
D "06-01 19:08:11.250" 8208 AndroidRuntime "CheckJNI is OFF" 8208 33
D "06-01 19:08:11.269" 8208 dalvikvm "Trying to load lib libjavacore.so 0x0" 8208 34
D "06-01 19:08:11.277" 8208 dalvikvm "Added shared lib libjavacore.so 0x0" 8208 35
D "06-01 19:08:11.289" 8208 dalvikvm "Trying to load lib libnativehelper.so 0x0" 8208 36
D "06-01 19:08:11.289" 8208 dalvikvm "Added shared lib libnativehelper.so 0x0" 8208 37
D "06-01 19:08:11.605" 8208 AndroidRuntime "Calling main entry com.android.commands.input.Input" 8208 38
I "06-01 19:08:11.605" 8208 "Input   " "InjectKeyEvent: KeyEvent { action=ACTION_DOWN, keyCode=KEYCODE_BACK, scanCode=0, metaState=0, flags=0x0, repeatCount=0, eventTime=379415779, downTime=379415779, deviceId=-1, source=0x101 }" 8208 39
I "06-01 19:08:11.644" 8208 "Input   " "InjectKeyEvent: KeyEvent { action=ACTION_UP, keyCode=KEYCODE_BACK, scanCode=0, metaState=0, flags=0x0, repeatCount=0, eventTime=379415779, downTime=379415779, deviceId=-1, source=0x101 }" 8208 40
D "06-01 19:08:11.664" 8208 AndroidRuntime "Shutting down VM" 8208 41
D "06-01 19:08:11.672" 8208 dalvikvm "GC_CONCURRENT freed 100K, 83% free 449K/2560K, paused 0ms+1ms, total 4ms" 8212 42
I "06-01 19:08:11.675" 8208 AndroidRuntime "NOTE: attach of thread 'Binder_3' failed" 8218 43
D "06-01 19:08:12.437" 8223 AndroidRuntime  8223 44
D "06-01 19:08:12.437" 8223 AndroidRuntime ">>>>>> AndroidRuntime START com.android.internal.os.RuntimeInit <<<<<<" 8223 45
D "06-01 19:08:12.437" 8223 AndroidRuntime "CheckJNI is OFF" 8223 46
D "06-01 19:08:12.449" 8223 dalvikvm "Trying to load lib libjavacore.so 0x0" 8223 47
D "06-01 19:08:12.457" 8223 dalvikvm "Added shared lib libjavacore.so 0x0" 8223 48
D "06-01 19:08:12.464" 8223 dalvikvm "Trying to load lib libnativehelper.so 0x0" 8223 49
D "06-01 19:08:12.464" 8223 dalvikvm "Added shared lib libnativehelper.so 0x0" 8223 50
D "06-01 19:08:12.824" 8223 AndroidRuntime "Calling main entry com.android.commands.input.Input" 8223 51
I "06-01 19:08:12.832" 8223 "Input   " "InjectKeyEvent: KeyEvent { action=ACTION_DOWN, keyCode=KEYCODE_BACK, scanCode=0, metaState=0, flags=0x0, repeatCount=0, eventTime=379417007, downTime=379417007, deviceId=-1, source=0x101 }" 8223 52
I "06-01 19:08:12.867" 8223 "Input   " "InjectKeyEvent: KeyEvent { action=ACTION_UP, keyCode=KEYCODE_BACK, scanCode=0, metaState=0, flags=0x0, repeatCount=0, eventTime=379417007, downTime=379417007, deviceId=-1, source=0x101 }" 8223 53
D "06-01 19:08:12.882" 8223 AndroidRuntime "Shutting down VM" 8223 54
D "06-01 19:08:12.890" 8223 dalvikvm "GC_CONCURRENT freed 100K, 83% free 449K/2560K, paused 0ms+1ms, total 4ms" 8227 55
I "06-01 19:08:12.894" 8223 AndroidRuntime "NOTE: attach of thread 'Binder_3' failed" 8244 56
D "06-01 19:08:13.476" 8247 AndroidRuntime  8247 57
D "06-01 19:08:13.476" 8247 AndroidRuntime ">>>>>> AndroidRuntime START com.android.internal.os.RuntimeInit <<<<<<" 8247 58
D "06-01 19:08:13.476" 8247 AndroidRuntime "CheckJNI is OFF" 8247 59
D "06-01 19:08:13.488" 8247 dalvikvm "Trying to load lib libjavacore.so 0x0" 8247 60
D "06-01 19:08:13.500" 8247 dalvikvm "Added shared lib libjavacore.so 0x0" 8247 61
D "06-01 19:08:13.507" 8247 dalvikvm "Trying to load lib libnativehelper.so 0x0" 8247 62
D "06-01 19:08:13.507" 8247 dalvikvm "Added shared lib libnativehelper.so 0x0" 8247 63
D "06-01 19:08:13.781" 8247 AndroidRuntime "Calling main entry com.android.commands.input.Input" 8247 64
I "06-01 19:08:13.785" 8247 "Input   " "InjectKeyEvent: KeyEvent { action=ACTION_DOWN, keyCode=KEYCODE_BACK, scanCode=0, metaState=0, flags=0x0, repeatCount=0, eventTime=379417957, downTime=379417957, deviceId=-1, source=0x101 }" 8247 65
I "06-01 19:08:13.789" 8247 "Input   " "InjectKeyEvent: KeyEvent { action=ACTION_UP, keyCode=KEYCODE_BACK, scanCode=0, metaState=0, flags=0x0, repeatCount=0, eventTime=379417957, downTime=379417957, deviceId=-1, source=0x101 }" 8247 66
D "06-01 19:08:13.793" 8247 AndroidRuntime "Shutting down VM" 8247 67
D "06-01 19:08:13.797" 8247 dalvikvm "GC_CONCURRENT freed 99K, 83% free 449K/2560K, paused 0ms+0ms, total 4ms" 8251 68
I "06-01 19:08:13.800" 8247 AndroidRuntime "NOTE: attach of thread 'Binder_1' failed" 8255 69
D "06-01 19:08:14.433" 8261 AndroidRuntime  8261 70
D "06-01 19:08:14.433" 8261 AndroidRuntime ">>>>>> AndroidRuntime START com.android.internal.os.RuntimeInit <<<<<<" 8261 71
D "06-01 19:08:14.433" 8261 AndroidRuntime "CheckJNI is OFF" 8261 72
D "06-01 19:08:14.449" 8261 dalvikvm "Trying to load lib libjavacore.so 0x0" 8261 73
D "06-01 19:08:14.453" 8261 dalvikvm "Added shared lib libjavacore.so 0x0" 8261 74
D "06-01 19:08:14.464" 8261 dalvikvm "Trying to load lib libnativehelper.so 0x0" 8261 75
D "06-01 19:08:14.464" 8261 dalvikvm "Added shared lib libnativehelper.so 0x0" 8261 76
D "06-01 19:08:14.738" 8261 AndroidRuntime "Calling main entry com.android.commands.am.Am" 8261 77
D "06-01 19:08:14.769" 8261 AndroidRuntime "Shutting down VM" 8261 78
D "06-01 19:08:14.773" 8261 dalvikvm "GC_CONCURRENT freed 98K, 81% free 487K/2560K, paused 0ms+1ms, total 4ms" 8266 79
I "06-01 19:08:14.781" 7545 APPTHWACK "Power up" 8272 80
I "06-01 19:08:14.781" 8261 AndroidRuntime "NOTE: attach of thread 'Binder_3' failed" 8273 81
I "06-01 19:08:14.789" 7545 APPTHWACK "Unlock keyguard" 8272 82
I "06-01 19:08:14.789" 7545 APPTHWACK "Go to home" 8272 83
I "06-01 19:08:14.800" 258 ActivityManager "START {act=android.intent.action.MAIN cat=[android.intent.category.HOME] flg=0x10000000 cmp=com.android.launcher/com.android.launcher2.Launcher u=0} from pid 7545" 399 84
I "06-01 19:08:14.804" 7545 APPTHWACK "WiFi on" 8272 85
I "06-01 19:08:14.804" 7545 APPTHWACK "Disable airplane mode" 8272 86
D "06-01 19:08:14.808" 258 BluetoothAdapterStateMachine "BluetoothOn process message: 56" 304 87
W "06-01 19:08:14.808" 258 BluetoothAdapterStateMachine "BluetoothOn received: 56" 304 88
D "06-01 19:08:14.820" 7565 CellBroadcastReceiver "onReceive Intent { act=android.intent.action.AIRPLANE_MODE flg=0x10 cmp=com.android.cellbroadcastreceiver/.CellBroadcastReceiver (has extras) }" 7565 89
D "06-01 19:08:14.824" 7565 CellBroadcastReceiver "CDMA phone detected; doing nothing" 7565 90
I "06-01 19:08:14.828" 7545 APPTHWACK "Connecting to WiFi" 8272 91
D "06-01 19:08:15.289" 8276 AndroidRuntime  8276 92
D "06-01 19:08:15.289" 8276 AndroidRuntime ">>>>>> AndroidRuntime START com.android.internal.os.RuntimeInit <<<<<<" 8276 93
D "06-01 19:08:15.289" 8276 AndroidRuntime "CheckJNI is OFF" 8276 94
D "06-01 19:08:15.297" 8276 dalvikvm "Trying to load lib libjavacore.so 0x0" 8276 95
D "06-01 19:08:15.308" 8276 dalvikvm "Added shared lib libjavacore.so 0x0" 8276 96
D "06-01 19:08:15.316" 8276 dalvikvm "Trying to load lib libnativehelper.so 0x0" 8276 97
D "06-01 19:08:15.316" 8276 dalvikvm "Added shared lib libnativehelper.so 0x0" 8276 98
D "06-01 19:08:15.617" 8276 AndroidRuntime "Calling main entry com.android.commands.am.Am" 8276 99
I "06-01 19:08:15.629" 258 ActivityManager "START {flg=0x10000000 cmp=com.trellis.appthwackdevicemanager/.RotatePortrait u=0} from pid 8276" 536 100
D "06-01 19:08:15.668" 8276 AndroidRuntime "Shutting down VM" 8276 101
D "06-01 19:08:15.672" 8276 dalvikvm "GC_CONCURRENT freed 98K, 82% free 484K/2560K, paused 1ms+0ms, total 4ms" 8281 102
I "06-01 19:08:15.687" 8276 AndroidRuntime "NOTE: attach of thread 'Binder_3' failed" 8287 103
W "06-01 19:08:15.691" 258 InputMethodManagerService "Window already focused, ignoring focus gain of: com.android.internal.view.IInputMethodClient$Stub$Proxy@42225788 attribute=null" 537 104
D "06-01 19:08:19.976" 8290 AndroidRuntime  8290 105
D "06-01 19:08:19.976" 8290 AndroidRuntime ">>>>>> AndroidRuntime START com.android.internal.os.RuntimeInit <<<<<<" 8290 106
D "06-01 19:08:19.976" 8290 AndroidRuntime "CheckJNI is OFF" 8290 107
D "06-01 19:08:19.992" 8290 dalvikvm "Trying to load lib libjavacore.so 0x0" 8290 108
D "06-01 19:08:20.000" 8290 dalvikvm "Added shared lib libjavacore.so 0x0" 8290 109
D "06-01 19:08:20.015" 8290 dalvikvm "Trying to load lib libnativehelper.so 0x0" 8290 110
D "06-01 19:08:20.015" 8290 dalvikvm "Added shared lib libnativehelper.so 0x0" 8290 111
D "06-01 19:08:20.230" 8290 AndroidRuntime "Calling main entry com.android.commands.am.Am" 8290 112
D "06-01 19:08:20.250" 8290 AndroidRuntime "Shutting down VM" 8290 113
D "06-01 19:08:20.254" 8290 dalvikvm "GC_CONCURRENT freed 98K, 82% free 484K/2560K, paused 1ms+0ms, total 4ms" 8295 114
I "06-01 19:08:20.257" 7545 APPTHWACK "ORIENTATION: 0" 8302 115
I "06-01 19:08:20.261" 8290 AndroidRuntime "NOTE: attach of thread 'Binder_3' failed" 8303 116
D "06-01 19:08:21.761" 8310 AndroidRuntime  8310 117
D "06-01 19:08:21.761" 8310 AndroidRuntime ">>>>>> AndroidRuntime START com.android.internal.os.RuntimeInit <<<<<<" 8310 118
D "06-01 19:08:21.761" 8310 AndroidRuntime "CheckJNI is OFF" 8310 119
D "06-01 19:08:21.773" 8310 dalvikvm "Trying to load lib libjavacore.so 0x0" 8310 120
D "06-01 19:08:21.777" 8310 dalvikvm "Added shared lib libjavacore.so 0x0" 8310 121
D "06-01 19:08:21.785" 8310 dalvikvm "Trying to load lib libnativehelper.so 0x0" 8310 122
D "06-01 19:08:21.785" 8310 dalvikvm "Added shared lib libnativehelper.so 0x0" 8310 123
D "06-01 19:08:21.984" 8310 AndroidRuntime "Calling main entry com.android.commands.pm.Pm" 8310 124
D "06-01 19:08:22.148" 8310 AndroidRuntime "Shutting down VM" 8310 125
D "06-01 19:08:22.156" 8310 dalvikvm "GC_CONCURRENT freed 245K, 82% free 462K/2560K, paused 1ms+0ms, total 5ms" 8314 126
D "06-01 19:08:24.800" 8329 AndroidRuntime  8329 127
D "06-01 19:08:24.800" 8329 AndroidRuntime ">>>>>> AndroidRuntime START com.android.internal.os.RuntimeInit <<<<<<" 8329 128
D "06-01 19:08:24.800" 8329 AndroidRuntime "CheckJNI is OFF" 8329 129
D "06-01 19:08:24.828" 8329 dalvikvm "Trying to load lib libjavacore.so 0x0" 8329 130
D "06-01 19:08:24.843" 8329 dalvikvm "Added shared lib libjavacore.so 0x0" 8329 131
D "06-01 19:08:24.867" 8329 dalvikvm "Trying to load lib libnativehelper.so 0x0" 8329 132
D "06-01 19:08:24.867" 8329 dalvikvm "Added shared lib libnativehelper.so 0x0" 8329 133
D "06-01 19:08:25.195" 8329 AndroidRuntime "Calling main entry com.android.commands.monkey.Monkey" 8329 134
I "06-01 19:08:25.535" 258 ActivityManager "START {act=android.intent.action.MAIN cat=[android.intent.category.LAUNCHER] flg=0x10200000 cmp=com.trellis.HelloTrellis/.HelloTrellisActivity u=0} from pid 8329" 532 135
I "06-01 19:08:25.609" 258 ActivityManager "Start proc com.trellis.process for activity com.trellis.HelloTrellis/.HelloTrellisActivity: pid=8341 uid=10075 gids={1015, 1028}" 28860 136
I "06-01 19:08:25.621" 8341 dalvikvm "Turning on JNI app bug workarounds for target SDK version 10..." 8341 137
I "06-01 19:08:25.781" 258 WindowManager "Switching to real app window: Window{41fdcee8 com.trellis.HelloTrellis/com.trellis.HelloTrellis.HelloTrellisActivity paused=false}" 28860 138
W "06-01 19:08:25.781" 258 InputMethodManagerService "Starting input on non-focused client com.android.internal.view.IInputMethodClient$Stub$Proxy@422905b8 (uid=10026 pid=21389)" 28860 139
V "06-01 19:08:25.800" 334 PhoneStatusBar setLightsOn(true) 334 140
I "06-01 19:08:25.882" 258 ActivityManager "Displayed com.trellis.HelloTrellis/.HelloTrellisActivity: +310ms (total +1m30s596ms)" 290 141
D "06-01 19:08:25.961" 90 AudioHardware "AudioHardware pcm playback is exiting standby." 131 142
D "06-01 19:08:25.961" 90 AudioHardware "openPcmOut_l() mPcmOpenCnt: 0" 131 143
W "06-01 19:08:26.136" 258 InputMethodManagerService "Window already focused, ignoring focus gain of: com.android.internal.view.IInputMethodClient$Stub$Proxy@42051188 attribute=null" 9167 144
W "06-01 19:08:26.289" 258 InputMethodManagerService "Window already focused, ignoring focus gain of: com.android.internal.view.IInputMethodClient$Stub$Proxy@42001298 attribute=null" 3026 145
D "06-01 19:08:27.363" 334 PhoneStatusBar "disable: < expand icons alerts TICKER* system_info back home recent clock >" 334 146
I "06-01 19:08:27.605" 258 ActivityManager "START {act=android.intent.action.MAIN cat=[android.intent.category.LAUNCHER] flg=0x10200000 cmp=com.trellis.HelloTrellis/.HelloTrellisActivity u=0} from pid 8329" 537 147
I "06-01 19:08:27.644" 258 ActivityManager "START {act=android.intent.action.MAIN cat=[android.intent.category.LAUNCHER] flg=0x10200000 cmp=com.trellis.HelloTrellis/.HelloTrellisActivity u=0} from pid 8329" 29545 148
W "06-01 19:08:27.957" 258 KeyguardViewMediator "verifyUnlock called when not externally disabled" 574 149
I "06-01 19:08:27.957" 258 ActivityManager "START {flg=0x10000000 cmp=com.android.systemui/.usb.UsbStorageActivity bnds=[0,77][480,172] u=0} from pid -1" 10032 150
W "06-01 19:08:28.238" 258 InputMethodManagerService "Window already focused, ignoring focus gain of: com.android.internal.view.IInputMethodClient$Stub$Proxy@422b2aa0 attribute=null" 19395 151
I "06-01 19:08:28.882" 258 ActivityManager "START {act=android.intent.action.MAIN cat=[android.intent.category.LAUNCHER] flg=0x10200000 cmp=com.trellis.HelloTrellis/.HelloTrellisActivity u=0} from pid 8329" 258 152
D "06-01 19:08:29.066" 334 PhoneStatusBar "disable: < expand icons alerts ticker* system_info back home recent clock >" 334 153
V "06-01 19:08:29.070" 334 PhoneStatusBar setLightsOn(true) 334 154
I "06-01 19:08:29.074" 334 Choreographer "Skipped 47 frames!  The application may be doing too much work on its main thread." 334 155
W "06-01 19:08:29.226" 258 InputMethodManagerService "Window already focused, ignoring focus gain of: com.android.internal.view.IInputMethodClient$Stub$Proxy@42086de8 attribute=null" 532 156
W "06-01 19:08:29.445" 258 InputMethodManagerService "Window already focused, ignoring focus gain of: com.android.internal.view.IInputMethodClient$Stub$Proxy@422c56c8 attribute=null" 531 157
D "06-01 19:08:29.476" 416 dalvikvm "GC_CONCURRENT freed 739K, 18% free 10144K/12295K, paused 5ms+15ms, total 167ms" 419 158
W "06-01 19:08:29.570" 258 InputMethodManagerService "Window already focused, ignoring focus gain of: com.android.internal.view.IInputMethodClient$Stub$Proxy@423e30f0 attribute=null" 29546 159
I "06-01 19:08:29.785" 8329 AndroidRuntime "VM exiting with result code 0." 8329 160
D "06-01 19:08:32.668" 90 AudioHardware "AudioHardware pcm playback is going to standby." 278 161
D "06-01 19:08:32.668" 90 AudioHardware "closePcmOut_l() mPcmOpenCnt: 1" 278 162
