    "--------- beginning of /dev/log/main"  1
D "06-01 19:09:12.179" 466 "wifi    " "doString: SIGNAL_POLL" 531 2
D "06-01 19:09:12.249" 5856 AndroidRuntime  5856 3
D "06-01 19:09:12.249" 5856 AndroidRuntime ">>>>>> AndroidRuntime START com.android.internal.os.RuntimeInit <<<<<<" 5856 4
D "06-01 19:09:12.249" 5856 AndroidRuntime "CheckJNI is OFF" 5856 5
D "06-01 19:09:12.257" 5856 dalvikvm "Trying to load lib libjavacore.so 0x0" 5856 6
D "06-01 19:09:12.257" 5856 dalvikvm "Added shared lib libjavacore.so 0x0" 5856 7
D "06-01 19:09:12.265" 5856 dalvikvm "Trying to load lib libnativehelper.so 0x0" 5856 8
D "06-01 19:09:12.265" 5856 dalvikvm "Added shared lib libnativehelper.so 0x0" 5856 9
D "06-01 19:09:12.507" 5856 AndroidRuntime "Calling main entry com.android.commands.input.Input" 5856 10
I "06-01 19:09:12.515" 5856 "Input   " "InjectKeyEvent: KeyEvent { action=ACTION_DOWN, keyCode=KEYCODE_BACK, scanCode=0, metaState=0, flags=0x0, repeatCount=0, eventTime=682460804, downTime=682460804, deviceId=-1, source=0x101 }" 5856 11
I "06-01 19:09:12.515" 5856 "Input   " "InjectKeyEvent: KeyEvent { action=ACTION_UP, keyCode=KEYCODE_BACK, scanCode=0, metaState=0, flags=0x0, repeatCount=0, eventTime=682460804, downTime=682460804, deviceId=-1, source=0x101 }" 5856 12
D "06-01 19:09:12.523" 5856 AndroidRuntime "Shutting down VM" 5856 13
D "06-01 19:09:12.523" 5856 dalvikvm "GC_CONCURRENT freed 100K, 87% free 535K/4096K, paused 0ms+1ms, total 3ms" 5860 14
D "06-01 19:09:12.984" 5869 AndroidRuntime  5869 15
D "06-01 19:09:12.984" 5869 AndroidRuntime ">>>>>> AndroidRuntime START com.android.internal.os.RuntimeInit <<<<<<" 5869 16
D "06-01 19:09:12.984" 5869 AndroidRuntime "CheckJNI is OFF" 5869 17
D "06-01 19:09:12.992" 5869 dalvikvm "Trying to load lib libjavacore.so 0x0" 5869 18
D "06-01 19:09:12.999" 5869 dalvikvm "Added shared lib libjavacore.so 0x0" 5869 19
D "06-01 19:09:13.007" 5869 dalvikvm "Trying to load lib libnativehelper.so 0x0" 5869 20
D "06-01 19:09:13.007" 5869 dalvikvm "Added shared lib libnativehelper.so 0x0" 5869 21
D "06-01 19:09:13.265" 5869 AndroidRuntime "Calling main entry com.android.commands.input.Input" 5869 22
I "06-01 19:09:13.265" 5869 "Input   " "InjectKeyEvent: KeyEvent { action=ACTION_DOWN, keyCode=KEYCODE_BACK, scanCode=0, metaState=0, flags=0x0, repeatCount=0, eventTime=682461557, downTime=682461557, deviceId=-1, source=0x101 }" 5869 23
I "06-01 19:09:13.273" 5869 "Input   " "InjectKeyEvent: KeyEvent { action=ACTION_UP, keyCode=KEYCODE_BACK, scanCode=0, metaState=0, flags=0x0, repeatCount=0, eventTime=682461557, downTime=682461557, deviceId=-1, source=0x101 }" 5869 24
D "06-01 19:09:13.273" 5869 AndroidRuntime "Shutting down VM" 5869 25
D "06-01 19:09:13.281" 5869 dalvikvm "GC_CONCURRENT freed 100K, 87% free 535K/4096K, paused 0ms+1ms, total 3ms" 5873 26
D "06-01 19:09:13.749" 5882 AndroidRuntime  5882 27
D "06-01 19:09:13.749" 5882 AndroidRuntime ">>>>>> AndroidRuntime START com.android.internal.os.RuntimeInit <<<<<<" 5882 28
D "06-01 19:09:13.749" 5882 AndroidRuntime "CheckJNI is OFF" 5882 29
D "06-01 19:09:13.757" 5882 dalvikvm "Trying to load lib libjavacore.so 0x0" 5882 30
D "06-01 19:09:13.757" 5882 dalvikvm "Added shared lib libjavacore.so 0x0" 5882 31
D "06-01 19:09:13.765" 5882 dalvikvm "Trying to load lib libnativehelper.so 0x0" 5882 32
D "06-01 19:09:13.765" 5882 dalvikvm "Added shared lib libnativehelper.so 0x0" 5882 33
D "06-01 19:09:14.031" 5882 AndroidRuntime "Calling main entry com.android.commands.input.Input" 5882 34
I "06-01 19:09:14.031" 5882 "Input   " "InjectKeyEvent: KeyEvent { action=ACTION_DOWN, keyCode=KEYCODE_BACK, scanCode=0, metaState=0, flags=0x0, repeatCount=0, eventTime=682462322, downTime=682462322, deviceId=-1, source=0x101 }" 5882 35
I "06-01 19:09:14.054" 5882 "Input   " "InjectKeyEvent: KeyEvent { action=ACTION_UP, keyCode=KEYCODE_BACK, scanCode=0, metaState=0, flags=0x0, repeatCount=0, eventTime=682462322, downTime=682462322, deviceId=-1, source=0x101 }" 5882 36
D "06-01 19:09:14.085" 5882 AndroidRuntime "Shutting down VM" 5882 37
D "06-01 19:09:14.093" 5882 dalvikvm "GC_CONCURRENT freed 100K, 87% free 535K/4096K, paused 1ms+1ms, total 6ms" 5886 38
I "06-01 19:09:14.093" 5882 AndroidRuntime "NOTE: attach of thread 'Binder_3' failed" 5892 39
    "--------- beginning of /dev/log/system"  40
D "06-01 19:09:14.515" 466 ConnectivityService "getMobileDataEnabled returning false" 768 41
I "06-01 19:09:14.523" 559 SBar.NetworkController "updateTelephonySignalStrength:  No service" 559 42
D "06-01 19:09:14.523" 466 ConnectivityService "getMobileDataEnabled returning false" 12714 43
D "06-01 19:09:14.523" 466 ConnectivityService "getMobileDataEnabled returning false" 801 44
D "06-01 19:09:14.523" 466 ConnectivityService "getMobileDataEnabled returning false" 769 45
D "06-01 19:09:14.554" 5913 AndroidRuntime  5913 46
D "06-01 19:09:14.554" 5913 AndroidRuntime ">>>>>> AndroidRuntime START com.android.internal.os.RuntimeInit <<<<<<" 5913 47
D "06-01 19:09:14.554" 5913 AndroidRuntime "CheckJNI is OFF" 5913 48
D "06-01 19:09:14.562" 5913 dalvikvm "Trying to load lib libjavacore.so 0x0" 5913 49
D "06-01 19:09:14.562" 5913 dalvikvm "Added shared lib libjavacore.so 0x0" 5913 50
D "06-01 19:09:14.570" 5913 dalvikvm "Trying to load lib libnativehelper.so 0x0" 5913 51
D "06-01 19:09:14.570" 5913 dalvikvm "Added shared lib libnativehelper.so 0x0" 5913 52
D "06-01 19:09:14.835" 5913 AndroidRuntime "Calling main entry com.android.commands.input.Input" 5913 53
I "06-01 19:09:14.843" 5913 "Input   " "InjectKeyEvent: KeyEvent { action=ACTION_DOWN, keyCode=KEYCODE_BACK, scanCode=0, metaState=0, flags=0x0, repeatCount=0, eventTime=682463134, downTime=682463134, deviceId=-1, source=0x101 }" 5913 54
I "06-01 19:09:14.867" 5913 "Input   " "InjectKeyEvent: KeyEvent { action=ACTION_UP, keyCode=KEYCODE_BACK, scanCode=0, metaState=0, flags=0x0, repeatCount=0, eventTime=682463134, downTime=682463134, deviceId=-1, source=0x101 }" 5913 55
D "06-01 19:09:14.898" 5913 AndroidRuntime "Shutting down VM" 5913 56
D "06-01 19:09:14.906" 5913 dalvikvm "GC_CONCURRENT freed 100K, 87% free 535K/4096K, paused 0ms+0ms, total 4ms" 5917 57
D "06-01 19:09:15.187" 466 "wifi    " "doString: SIGNAL_POLL" 531 58
I "06-01 19:09:15.265" 559 SBar.NetworkController "updateTelephonySignalStrength:  No service" 559 59
D "06-01 19:09:15.265" 466 ConnectivityService "getMobileDataEnabled returning false" 4587 60
D "06-01 19:09:15.273" 466 ConnectivityService "getMobileDataEnabled returning false" 743 61
D "06-01 19:09:15.273" 466 ConnectivityService "getMobileDataEnabled returning false" 934 62
D "06-01 19:09:15.367" 5926 AndroidRuntime  5926 63
D "06-01 19:09:15.367" 5926 AndroidRuntime ">>>>>> AndroidRuntime START com.android.internal.os.RuntimeInit <<<<<<" 5926 64
D "06-01 19:09:15.367" 5926 AndroidRuntime "CheckJNI is OFF" 5926 65
D "06-01 19:09:15.374" 5926 dalvikvm "Trying to load lib libjavacore.so 0x0" 5926 66
D "06-01 19:09:15.382" 5926 dalvikvm "Added shared lib libjavacore.so 0x0" 5926 67
D "06-01 19:09:15.382" 5926 dalvikvm "Trying to load lib libnativehelper.so 0x0" 5926 68
D "06-01 19:09:15.382" 5926 dalvikvm "Added shared lib libnativehelper.so 0x0" 5926 69
D "06-01 19:09:15.648" 5926 AndroidRuntime "Calling main entry com.android.commands.input.Input" 5926 70
I "06-01 19:09:15.656" 5926 "Input   " "InjectKeyEvent: KeyEvent { action=ACTION_DOWN, keyCode=KEYCODE_BACK, scanCode=0, metaState=0, flags=0x0, repeatCount=0, eventTime=682463945, downTime=682463945, deviceId=-1, source=0x101 }" 5926 71
I "06-01 19:09:15.679" 5926 "Input   " "InjectKeyEvent: KeyEvent { action=ACTION_UP, keyCode=KEYCODE_BACK, scanCode=0, metaState=0, flags=0x0, repeatCount=0, eventTime=682463945, downTime=682463945, deviceId=-1, source=0x101 }" 5926 72
D "06-01 19:09:15.718" 5926 AndroidRuntime "Shutting down VM" 5926 73
D "06-01 19:09:15.718" 5926 dalvikvm "GC_CONCURRENT freed 100K, 87% free 535K/4096K, paused 0ms+1ms, total 4ms" 5930 74
D "06-01 19:09:16.304" 5942 AndroidRuntime  5942 75
D "06-01 19:09:16.304" 5942 AndroidRuntime ">>>>>> AndroidRuntime START com.android.internal.os.RuntimeInit <<<<<<" 5942 76
D "06-01 19:09:16.304" 5942 AndroidRuntime "CheckJNI is OFF" 5942 77
D "06-01 19:09:16.312" 5942 dalvikvm "Trying to load lib libjavacore.so 0x0" 5942 78
D "06-01 19:09:16.320" 5942 dalvikvm "Added shared lib libjavacore.so 0x0" 5942 79
D "06-01 19:09:16.328" 5942 dalvikvm "Trying to load lib libnativehelper.so 0x0" 5942 80
D "06-01 19:09:16.328" 5942 dalvikvm "Added shared lib libnativehelper.so 0x0" 5942 81
D "06-01 19:09:16.593" 5942 AndroidRuntime "Calling main entry com.android.commands.am.Am" 5942 82
D "06-01 19:09:16.648" 5942 AndroidRuntime "Shutting down VM" 5942 83
I "06-01 19:09:16.648" 4912 APPTHWACK "Power up" 5952 84
D "06-01 19:09:16.648" 5942 dalvikvm "GC_CONCURRENT freed 99K, 87% free 565K/4096K, paused 1ms+0ms, total 5ms" 5946 85
I "06-01 19:09:16.648" 4912 APPTHWACK "Unlock keyguard" 5952 86
I "06-01 19:09:16.656" 4912 APPTHWACK "Go to home" 5952 87
I "06-01 19:09:16.656" 5942 AndroidRuntime "NOTE: attach of thread 'Binder_3' failed" 5953 88
I "06-01 19:09:16.656" 4912 APPTHWACK "WiFi on" 5952 89
I "06-01 19:09:16.656" 4912 APPTHWACK "Disable airplane mode" 5952 90
I "06-01 19:09:16.656" 4912 APPTHWACK "Connecting to WiFi" 5952 91
D "06-01 19:09:16.656" 466 BluetoothAdapterStateMachine "HotOff process message: 56" 517 92
I "06-01 19:09:16.656" 466 ActivityManager "START {act=android.intent.action.MAIN cat=[android.intent.category.HOME] flg=0x10000000 cmp=com.motorola.blur.home/.Launcher u=0} from pid 4912" 769 93
I "06-01 19:09:16.664" 740 IMSCServer "Receive intent: Intent { act=android.intent.action.AIRPLANE_MODE flg=0x10 (has extras) } Action: android.intent.action.AIRPLANE_MODE" 740 94
I "06-01 19:09:16.664" 740 IMSCServer "onAirplaneModeChanged(): false" 740 95
I "06-01 19:09:16.664" 740 IMSCSmsService "airplaneModeChanged: false" 740 96
I "06-01 19:09:16.664" 740 IMSCNetwork "onAirplaneModeChanged: false" 1061 97
I "06-01 19:09:16.664" 740 IMSCNetwork "in checkAndStartDataConnection()" 1061 98
D "06-01 19:09:16.664" 740 IMSCNetwork "isInternalTest =  false" 1061 99
E "06-01 19:09:16.664" 740 IMSCNetwork "isImsModeValid, IMSCConfReader is not started" 1061 100
I "06-01 19:09:16.664" 740 IMSCNetwork "checkAndStartDataConnection, IMS mode is not valid" 1061 101
D "06-01 19:09:16.664" 653 PhoneApp "Setting property persist.radio.airplane_mode_on" 653 102
D "06-01 19:09:16.664" 653 PhoneApp "setRadioPower enabled=true" 653 103
W "06-01 19:09:16.664" 755 ResourceType "No package identifier when getting value for resource number 0x00000000" 755 104
I "06-01 19:09:16.664" 559 SBar.NetworkController "onReceive: Intent.ACTION_AIRPLANE_MODE_CHANGED Received" 559 105
I "06-01 19:09:16.664" 559 SBar.NetworkController "updateTelephonySignalStrength:  No service" 559 106
D "06-01 19:09:16.664" 466 ConnectivityService "getMobileDataEnabled returning false" 476 107
W "06-01 19:09:16.671" 755 ResourceType "No package identifier when getting value for resource number 0x00000000" 755 108
D "06-01 19:09:16.671" 466 ConnectivityService "getMobileDataEnabled returning false" 907 109
D "06-01 19:09:16.671" 466 ConnectivityService "getMobileDataEnabled returning false" 736 110
W "06-01 19:09:16.679" 466 ActivityManager "Permission denied: checkComponentPermission() owningUid=10034" 12713 111
W "06-01 19:09:16.679" 466 BroadcastQueue "Permission Denial: broadcasting Intent { act=android.intent.action.AIRPLANE_MODE flg=0x10 (has extras) } from com.trellis.appthwackdevicemanager (pid=4912, uid=10000) is not exported from uid 10034 due to receiver com.motorola.contextual.smartrules/com.motorola.contextual.actions.SettingsReceiver" 12713 112
D "06-01 19:09:17.085" 5957 AndroidRuntime  5957 113
D "06-01 19:09:17.085" 5957 AndroidRuntime ">>>>>> AndroidRuntime START com.android.internal.os.RuntimeInit <<<<<<" 5957 114
D "06-01 19:09:17.085" 5957 AndroidRuntime "CheckJNI is OFF" 5957 115
D "06-01 19:09:17.093" 5957 dalvikvm "Trying to load lib libjavacore.so 0x0" 5957 116
D "06-01 19:09:17.101" 5957 dalvikvm "Added shared lib libjavacore.so 0x0" 5957 117
D "06-01 19:09:17.101" 5957 dalvikvm "Trying to load lib libnativehelper.so 0x0" 5957 118
D "06-01 19:09:17.109" 5957 dalvikvm "Added shared lib libnativehelper.so 0x0" 5957 119
D "06-01 19:09:17.414" 5957 AndroidRuntime "Calling main entry com.android.commands.am.Am" 5957 120
I "06-01 19:09:17.460" 466 ActivityManager "START {flg=0x10000000 cmp=com.trellis.appthwackdevicemanager/.RotatePortrait u=0} from pid 5957" 12714 121
D "06-01 19:09:17.468" 5957 AndroidRuntime "Shutting down VM" 5957 122
I "06-01 19:09:17.468" 5957 AndroidRuntime "NOTE: attach of thread 'Binder_3' failed" 5967 123
D "06-01 19:09:17.476" 5957 dalvikvm "GC_CONCURRENT freed 98K, 87% free 562K/4096K, paused 0ms+1ms, total 5ms" 5961 124
W "06-01 19:09:17.476" 755 ResourceType "No package identifier when getting value for resource number 0x00000000" 755 125
D "06-01 19:09:17.546" 755 dalvikvm "GC_FOR_ALLOC freed 865K, 15% free 13107K/15331K, paused 37ms, total 37ms" 755 126
W "06-01 19:09:17.570" 755 ResourceType "No package identifier when getting value for resource number 0x00000000" 755 127
W "06-01 19:09:17.570" 466 InputMethodManagerService "Window already focused, ignoring focus gain of: com.android.internal.view.IInputMethodClient$Stub$Proxy@41bb6ce8 attribute=null" 744 128
D "06-01 19:09:18.195" 466 "wifi    " "doString: SIGNAL_POLL" 531 129
I "06-01 19:09:18.273" 559 SBar.NetworkController "updateTelephonySignalStrength:  No service" 559 130
D "06-01 19:09:18.273" 466 ConnectivityService "getMobileDataEnabled returning false" 736 131
D "06-01 19:09:18.281" 466 ConnectivityService "getMobileDataEnabled returning false" 12713 132
D "06-01 19:09:18.281" 466 ConnectivityService "getMobileDataEnabled returning false" 934 133
D "06-01 19:09:20.921" 5970 AndroidRuntime  5970 134
D "06-01 19:09:20.921" 5970 AndroidRuntime ">>>>>> AndroidRuntime START com.android.internal.os.RuntimeInit <<<<<<" 5970 135
D "06-01 19:09:20.921" 5970 AndroidRuntime "CheckJNI is OFF" 5970 136
D "06-01 19:09:20.929" 5970 dalvikvm "Trying to load lib libjavacore.so 0x0" 5970 137
D "06-01 19:09:20.929" 5970 dalvikvm "Added shared lib libjavacore.so 0x0" 5970 138
D "06-01 19:09:20.937" 5970 dalvikvm "Trying to load lib libnativehelper.so 0x0" 5970 139
D "06-01 19:09:20.937" 5970 dalvikvm "Added shared lib libnativehelper.so 0x0" 5970 140
D "06-01 19:09:21.171" 5970 AndroidRuntime "Calling main entry com.android.commands.am.Am" 5970 141
D "06-01 19:09:21.195" 466 "wifi    " "doString: SIGNAL_POLL" 531 142
I "06-01 19:09:21.226" 4912 APPTHWACK "ORIENTATION: 0" 5980 143
D "06-01 19:09:21.226" 5970 AndroidRuntime "Shutting down VM" 5970 144
D "06-01 19:09:21.234" 5970 dalvikvm "GC_CONCURRENT freed 99K, 87% free 562K/4096K, paused 0ms+0ms, total 4ms" 5974 145
I "06-01 19:09:21.234" 5970 AndroidRuntime "NOTE: attach of thread 'Binder_3' failed" 5981 146
D "06-01 19:09:22.874" 5987 AndroidRuntime  5987 147
D "06-01 19:09:22.874" 5987 AndroidRuntime ">>>>>> AndroidRuntime START com.android.internal.os.RuntimeInit <<<<<<" 5987 148
D "06-01 19:09:22.874" 5987 AndroidRuntime "CheckJNI is OFF" 5987 149
D "06-01 19:09:22.882" 5987 dalvikvm "Trying to load lib libjavacore.so 0x0" 5987 150
D "06-01 19:09:22.890" 5987 dalvikvm "Added shared lib libjavacore.so 0x0" 5987 151
D "06-01 19:09:22.890" 5987 dalvikvm "Trying to load lib libnativehelper.so 0x0" 5987 152
D "06-01 19:09:22.890" 5987 dalvikvm "Added shared lib libnativehelper.so 0x0" 5987 153
D "06-01 19:09:23.132" 5987 AndroidRuntime "Calling main entry com.android.commands.pm.Pm" 5987 154
D "06-01 19:09:23.242" 5987 AndroidRuntime "Shutting down VM" 5987 155
D "06-01 19:09:23.249" 5987 dalvikvm "GC_CONCURRENT freed 410K, 87% free 545K/4096K, paused 0ms+0ms, total 5ms" 5991 156
D "06-01 19:09:24.203" 466 "wifi    " "doString: SIGNAL_POLL" 531 157
I "06-01 19:09:24.289" 559 SBar.NetworkController "updateTelephonySignalStrength:  No service" 559 158
D "06-01 19:09:24.289" 466 ConnectivityService "getMobileDataEnabled returning false" 744 159
D "06-01 19:09:24.289" 466 ConnectivityService "getMobileDataEnabled returning false" 476 160
D "06-01 19:09:24.289" 466 ConnectivityService "getMobileDataEnabled returning false" 907 161
D "06-01 19:09:24.421" 6006 AndroidRuntime  6006 162
D "06-01 19:09:24.421" 6006 AndroidRuntime ">>>>>> AndroidRuntime START com.android.internal.os.RuntimeInit <<<<<<" 6006 163
D "06-01 19:09:24.421" 6006 AndroidRuntime "CheckJNI is OFF" 6006 164
D "06-01 19:09:24.429" 6006 dalvikvm "Trying to load lib libjavacore.so 0x0" 6006 165
D "06-01 19:09:24.429" 6006 dalvikvm "Added shared lib libjavacore.so 0x0" 6006 166
D "06-01 19:09:24.437" 6006 dalvikvm "Trying to load lib libnativehelper.so 0x0" 6006 167
D "06-01 19:09:24.437" 6006 dalvikvm "Added shared lib libnativehelper.so 0x0" 6006 168
D "06-01 19:09:24.687" 6006 AndroidRuntime "Calling main entry com.android.commands.monkey.Monkey" 6006 169
I "06-01 19:09:24.992" 466 ActivityManager "START {act=android.intent.action.MAIN cat=[android.intent.category.LAUNCHER] flg=0x10200000 cmp=com.trellis.HelloTrellis/.HelloTrellisActivity u=0} from pid 6006" 744 170
W "06-01 19:09:24.999" 755 ResourceType "No package identifier when getting value for resource number 0x00000000" 755 171
I "06-01 19:09:25.023" 466 ActivityManager "Start proc com.trellis.process for activity com.trellis.HelloTrellis/.HelloTrellisActivity: pid=6016 uid=10213 gids={1015, 1028}" 754 172
I "06-01 19:09:25.031" 6016 dalvikvm "Turning on JNI app bug workarounds for target SDK version 10..." 6016 173
E "06-01 19:09:25.070" 6016 "Trace   " "error opening trace file: No such file or directory (2)" 6016 174
W "06-01 19:09:25.093" 466 InputMethodManagerService "Starting input on non-focused client com.android.internal.view.IInputMethodClient$Stub$Proxy@4272fc90 (uid=10032 pid=755)" 744 175
D "06-01 19:09:25.109" 6016 AndroidRuntime "Shutting down VM" 6016 176
W "06-01 19:09:25.109" 6016 dalvikvm "threadid=1: thread exiting with uncaught exception (group=0x413362a0)" 6016 177
E "06-01 19:09:25.109" 6016 AndroidRuntime "FATAL EXCEPTION: main" 6016 178
E "06-01 19:09:25.109" 6016 AndroidRuntime "java.lang.RuntimeException: Unable to start activity ComponentInfo{com.trellis.HelloTrellis/com.trellis.HelloTrellis.HelloTrellisActivity}: java.lang.ArithmeticException: divide by zero" 6016 179
E "06-01 19:09:25.109" 6016 AndroidRuntime "	at android.app.ActivityThread.performLaunchActivity(ActivityThread.java:2136)" 6016 180
E "06-01 19:09:25.109" 6016 AndroidRuntime "	at android.app.ActivityThread.handleLaunchActivity(ActivityThread.java:2174)" 6016 181
E "06-01 19:09:25.109" 6016 AndroidRuntime "	at android.app.ActivityThread.access$700(ActivityThread.java:141)" 6016 182
E "06-01 19:09:25.109" 6016 AndroidRuntime "	at android.app.ActivityThread$H.handleMessage(ActivityThread.java:1267)" 6016 183
E "06-01 19:09:25.109" 6016 AndroidRuntime "	at android.os.Handler.dispatchMessage(Handler.java:99)" 6016 184
E "06-01 19:09:25.109" 6016 AndroidRuntime "	at android.os.Looper.loop(Looper.java:137)" 6016 185
E "06-01 19:09:25.109" 6016 AndroidRuntime "	at android.app.ActivityThread.main(ActivityThread.java:5059)" 6016 186
E "06-01 19:09:25.109" 6016 AndroidRuntime "	at java.lang.reflect.Method.invokeNative(Native Method)" 6016 187
E "06-01 19:09:25.109" 6016 AndroidRuntime "	at java.lang.reflect.Method.invoke(Method.java:511)" 6016 188
E "06-01 19:09:25.109" 6016 AndroidRuntime "	at com.android.internal.os.ZygoteInit$MethodAndArgsCaller.run(ZygoteInit.java:792)" 6016 189
E "06-01 19:09:25.109" 6016 AndroidRuntime "	at com.android.internal.os.ZygoteInit.main(ZygoteInit.java:555)" 6016 190
E "06-01 19:09:25.109" 6016 AndroidRuntime "	at dalvik.system.NativeStart.main(Native Method)" 6016 191
E "06-01 19:09:25.109" 6016 AndroidRuntime "Caused by: java.lang.ArithmeticException: divide by zero" 6016 192
E "06-01 19:09:25.109" 6016 AndroidRuntime "	at com.trellis.HelloTrellis.HelloTrellisActivity.onCreate(HelloTrellisActivity.java:14)" 6016 193
E "06-01 19:09:25.109" 6016 AndroidRuntime "	at android.app.Activity.performCreate(Activity.java:5058)" 6016 194
E "06-01 19:09:25.109" 6016 AndroidRuntime "	at android.app.Instrumentation.callActivityOnCreate(Instrumentation.java:1079)" 6016 195
E "06-01 19:09:25.109" 6016 AndroidRuntime "	at android.app.ActivityThread.performLaunchActivity(ActivityThread.java:2100)" 6016 196
E "06-01 19:09:25.109" 6016 AndroidRuntime "	... 11 more" 6016 197
W "06-01 19:09:25.109" 466 ActivityManager "  Force finishing activity com.trellis.HelloTrellis/.HelloTrellisActivity" 736 198
D "06-01 19:09:25.140" 755 dalvikvm "GC_FOR_ALLOC freed 783K, 15% free 13100K/15331K, paused 24ms, total 24ms" 755 199
W "06-01 19:09:25.164" 466 ApplicationContext "Unable to create files directory files" 482 200
D "06-01 19:09:25.179" 466 SensorManager "caller of unregisterListener:466,sensor type: ALL" 501 201
D "06-01 19:09:25.203" 466 SensorManager "caller of registerListener:466,sensor type:1" 501 202
I "06-01 19:09:25.226" 6006 AndroidRuntime "VM exiting with result code 3." 6006 203
I "06-01 19:09:25.289" 559 SBar.NetworkController "updateTelephonySignalStrength:  No service" 559 204
D "06-01 19:09:25.289" 466 ConnectivityService "getMobileDataEnabled returning false" 754 205
D "06-01 19:09:25.289" 466 ConnectivityService "getMobileDataEnabled returning false" 743 206
D "06-01 19:09:25.289" 466 ConnectivityService "getMobileDataEnabled returning false" 742 207
D "06-01 19:09:25.453" 11516 "Checkin " "publish the event [tag = MOT_DEVICE_STATS_L1 event name = SettingLogs]" 11531 208
D "06-01 19:09:25.453" 466 CheckinProvider "isInsertAllowed - The Event with tag=MOT_DEVICE_STATS_L1 event=SettingLogs returnstrue" 12713 209
W "06-01 19:09:25.648" 466 ActivityManager "Activity pause timeout for ActivityRecord{41d02fe8 com.trellis.HelloTrellis/.HelloTrellisActivity}" 480 210
W "06-01 19:09:25.703" 755 ResourceType "No package identifier when getting value for resource number 0x00000000" 755 211
I "06-01 19:09:25.773" 466 ActivityManager "No longer want com.motorola.motoemail (pid 5102): hidden #21" 12714 212
D "06-01 19:09:26.484" 11516 "Checkin " "publish the event [tag = MOT_DEVICE_STATS_L1 event name = SettingLogs]" 11531 213
D "06-01 19:09:26.484" 466 CheckinProvider "isInsertAllowed - The Event with tag=MOT_DEVICE_STATS_L1 event=SettingLogs returnstrue" 754 214
D "06-01 19:09:26.703" 11516 "Checkin " "publish the event [tag = MOT_DEVICE_STATS_L1 event name = SettingLogs]" 11531 215
D "06-01 19:09:26.703" 466 CheckinProvider "isInsertAllowed - The Event with tag=MOT_DEVICE_STATS_L1 event=SettingLogs returnstrue" 476 216
D "06-01 19:09:26.867" 11516 "Checkin " "publish the event [tag = MOT_DEVICE_STATS_L1 event name = SettingLogs]" 11531 217
D "06-01 19:09:26.867" 466 CheckinProvider "isInsertAllowed - The Event with tag=MOT_DEVICE_STATS_L1 event=SettingLogs returnstrue" 12713 218
D "06-01 19:09:27.140" 11516 "Checkin " "publish the event [tag = MOT_DEVICE_STATS_L1 event name = SettingLogs]" 11531 219
D "06-01 19:09:27.140" 466 CheckinProvider "isInsertAllowed - The Event with tag=MOT_DEVICE_STATS_L1 event=SettingLogs returnstrue" 742 220
D "06-01 19:09:27.210" 466 "wifi    " "doString: SIGNAL_POLL" 531 221
D "06-01 19:09:27.343" 11516 "Checkin " "publish the event [tag = MOT_DEVICE_STATS_L1 event name = SettingLogs]" 11531 222
D "06-01 19:09:27.343" 466 CheckinProvider "isInsertAllowed - The Event with tag=MOT_DEVICE_STATS_L1 event=SettingLogs returnstrue" 12714 223
D "06-01 19:09:27.539" 11516 "Checkin " "publish the event [tag = MOT_DEVICE_STATS_L1 event name = SettingLogs]" 11531 224
D "06-01 19:09:27.539" 466 CheckinProvider "isInsertAllowed - The Event with tag=MOT_DEVICE_STATS_L1 event=SettingLogs returnstrue" 466 225
D "06-01 19:09:27.609" 653 dalvikvm "GC_CONCURRENT freed 1721K, 18% free 8744K/10659K, paused 1ms+3ms, total 24ms" 654 226
D "06-01 19:09:27.656" 11516 "Checkin " "publish the event [tag = MOT_DEVICE_STATS_L1 event name = SettingLogs]" 11531 227
D "06-01 19:09:27.656" 466 CheckinProvider "isInsertAllowed - The Event with tag=MOT_DEVICE_STATS_L1 event=SettingLogs returnstrue" 12714 228
D "06-01 19:09:30.210" 466 "wifi    " "doString: SIGNAL_POLL" 531 229
I "06-01 19:09:30.296" 559 SBar.NetworkController "updateTelephonySignalStrength:  No service" 559 230
D "06-01 19:09:30.304" 466 ConnectivityService "getMobileDataEnabled returning false" 744 231
D "06-01 19:09:30.304" 466 ConnectivityService "getMobileDataEnabled returning false" 477 232
D "06-01 19:09:30.304" 466 ConnectivityService "getMobileDataEnabled returning false" 769 233
I "06-01 19:09:30.304" 559 SBar.NetworkController "refreshSignalCluster: wifi: mWifiConnected=true Wifi=stat_sys_wifi_signal_4_fully Activity=stat_sys_wifi_in Accessibility=""Wi-Fi three bars.""" 559 234
I "06-01 19:09:31.304" 559 SBar.NetworkController "updateTelephonySignalStrength:  No service" 559 235
D "06-01 19:09:31.304" 466 ConnectivityService "getMobileDataEnabled returning false" 476 236
D "06-01 19:09:31.304" 466 ConnectivityService "getMobileDataEnabled returning false" 768 237
D "06-01 19:09:31.304" 466 ConnectivityService "getMobileDataEnabled returning false" 801 238
I "06-01 19:09:32.304" 559 SBar.NetworkController "updateTelephonySignalStrength:  No service" 559 239
D "06-01 19:09:32.304" 466 ConnectivityService "getMobileDataEnabled returning false" 12713 240
D "06-01 19:09:32.312" 466 ConnectivityService "getMobileDataEnabled returning false" 466 241
D "06-01 19:09:32.312" 466 ConnectivityService "getMobileDataEnabled returning false" 742 242
D "06-01 19:09:33.218" 466 "wifi    " "doString: SIGNAL_POLL" 531 243
I "06-01 19:09:33.304" 559 SBar.NetworkController "updateTelephonySignalStrength:  No service" 559 244
D "06-01 19:09:33.312" 466 ConnectivityService "getMobileDataEnabled returning false" 907 245
D "06-01 19:09:33.312" 466 ConnectivityService "getMobileDataEnabled returning false" 12714 246
D "06-01 19:09:33.312" 466 ConnectivityService "getMobileDataEnabled returning false" 744 247
D "06-01 19:09:34.546" 466 ConnectivityService "getMobileDataEnabled returning false" 476 248
I "06-01 19:09:34.546" 559 SBar.NetworkController "updateTelephonySignalStrength:  No service" 559 249
D "06-01 19:09:34.546" 466 ConnectivityService "getMobileDataEnabled returning false" 743 250
D "06-01 19:09:34.554" 466 ConnectivityService "getMobileDataEnabled returning false" 12713 251
D "06-01 19:09:34.554" 466 ConnectivityService "getMobileDataEnabled returning false" 934 252
W "06-01 19:09:35.773" 466 ActivityManager "Activity destroy timeout for ActivityRecord{41d02fe8 com.trellis.HelloTrellis/.HelloTrellisActivity}" 480 253
D "06-01 19:09:36.218" 466 "wifi    " "doString: SIGNAL_POLL" 531 254
D "06-01 19:09:39.226" 466 "wifi    " "doString: SIGNAL_POLL" 531 255
D "06-01 19:09:42.226" 466 "wifi    " "doString: SIGNAL_POLL" 531 256
D "06-01 19:09:45.234" 466 "wifi    " "doString: SIGNAL_POLL" 531 257
D "06-01 19:09:48.242" 466 "wifi    " "doString: SIGNAL_POLL" 531 258
D "06-01 19:09:51.242" 466 "wifi    " "doString: SIGNAL_POLL" 531 259
D "06-01 19:09:52.046" 6044 AndroidRuntime  6044 260
D "06-01 19:09:52.046" 6044 AndroidRuntime ">>>>>> AndroidRuntime START com.android.internal.os.RuntimeInit <<<<<<" 6044 261
D "06-01 19:09:52.046" 6044 AndroidRuntime "CheckJNI is OFF" 6044 262
D "06-01 19:09:52.054" 6044 dalvikvm "Trying to load lib libjavacore.so 0x0" 6044 263
D "06-01 19:09:52.062" 6044 dalvikvm "Added shared lib libjavacore.so 0x0" 6044 264
D "06-01 19:09:52.062" 6044 dalvikvm "Trying to load lib libnativehelper.so 0x0" 6044 265
D "06-01 19:09:52.062" 6044 dalvikvm "Added shared lib libnativehelper.so 0x0" 6044 266
D "06-01 19:09:52.304" 6044 AndroidRuntime "Calling main entry com.android.commands.am.Am" 6044 267
D "06-01 19:09:52.359" 6044 AndroidRuntime "Shutting down VM" 6044 268
I "06-01 19:09:52.359" 4912 APPTHWACK "ORIENTATION: 0" 6054 269
D "06-01 19:09:52.359" 6044 dalvikvm "GC_CONCURRENT freed 99K, 87% free 562K/4096K, paused 1ms+0ms, total 4ms" 6048 270
I "06-01 19:09:52.367" 6044 AndroidRuntime "NOTE: attach of thread 'Binder_3' failed" 6055 271
D "06-01 19:09:54.249" 466 "wifi    " "doString: SIGNAL_POLL" 531 272
D "06-01 19:09:54.562" 466 ConnectivityService "getMobileDataEnabled returning false" 743 273
I "06-01 19:09:54.562" 559 SBar.NetworkController "updateTelephonySignalStrength:  No service" 559 274
D "06-01 19:09:54.570" 466 ConnectivityService "getMobileDataEnabled returning false" 769 275
D "06-01 19:09:54.570" 466 ConnectivityService "getMobileDataEnabled returning false" 12713 276
D "06-01 19:09:54.578" 466 ConnectivityService "getMobileDataEnabled returning false" 742 277
D "06-01 19:09:57.249" 466 "wifi    " "doString: SIGNAL_POLL" 531 278
